-- MySQL dump 10.13  Distrib 8.0.12, for macos10.13 (x86_64)
--
-- Host: localhost    Database: gp_oj
-- ------------------------------------------------------
-- Server version	8.0.12

/*!40101 SET @OLD_CHARACTER_SET_CLIENT=@@CHARACTER_SET_CLIENT */;
/*!40101 SET @OLD_CHARACTER_SET_RESULTS=@@CHARACTER_SET_RESULTS */;
/*!40101 SET @OLD_COLLATION_CONNECTION=@@COLLATION_CONNECTION */;
 SET NAMES utf8 ;
/*!40103 SET @OLD_TIME_ZONE=@@TIME_ZONE */;
/*!40103 SET TIME_ZONE='+00:00' */;
/*!40014 SET @OLD_UNIQUE_CHECKS=@@UNIQUE_CHECKS, UNIQUE_CHECKS=0 */;
/*!40014 SET @OLD_FOREIGN_KEY_CHECKS=@@FOREIGN_KEY_CHECKS, FOREIGN_KEY_CHECKS=0 */;
/*!40101 SET @OLD_SQL_MODE=@@SQL_MODE, SQL_MODE='NO_AUTO_VALUE_ON_ZERO' */;
/*!40111 SET @OLD_SQL_NOTES=@@SQL_NOTES, SQL_NOTES=0 */;

DROP database IF EXISTS gp_oj;
CREATE DATABASE IF NOT EXISTS gp_oj;
USE gp_oj;

--
-- Table structure for table `announcement`
--

DROP TABLE IF EXISTS `announcement`;
/*!40101 SET @saved_cs_client     = @@character_set_client */;
 SET character_set_client = utf8mb4 ;
CREATE TABLE `announcement` (
  `id` bigint(64) NOT NULL AUTO_INCREMENT,
  `publisher` bigint(64) NOT NULL,
  `title` text NOT NULL,
  `detail` text NOT NULL,
  `class_id` bigint(64) DEFAULT NULL,
  `create_time` bigint(64) NOT NULL,
  `last_update_time` bigint(64) NOT NULL,
  PRIMARY KEY (`id`),
  KEY `class_id` (`class_id`),
  CONSTRAINT `announcement_ibfk_1` FOREIGN KEY (`class_id`) REFERENCES `class` (`id`)
) ENGINE=InnoDB AUTO_INCREMENT=31 DEFAULT CHARSET=utf8mb4 COLLATE=utf8mb4_0900_ai_ci;
/*!40101 SET character_set_client = @saved_cs_client */;

--
-- Dumping data for table `announcement`
--

LOCK TABLES `announcement` WRITE;
/*!40000 ALTER TABLE `announcement` DISABLE KEYS */;
INSERT INTO `announcement` VALUES (1,1,'测试全局公告0','测试全局公告0的内容',NULL,1555404092,1555404092),(2,1,'测试全局公告1','测试全局公告1的内容',NULL,1555404092,1555404092),(3,1,'测试全局公告2','测试全局公告2的内容',NULL,1555404092,1555404092),(4,1,'测试全局公告3','测试全局公告3的内容',NULL,1555404092,1555404092),(5,1,'测试全局公告4','测试全局公告4的内容',NULL,1555404092,1555404092),(6,1,'测试全局公告5','测试全局公告5的内容',NULL,1555404092,1555404092),(7,1,'测试全局公告6','测试全局公告6的内容',NULL,1555404092,1555404092),(8,1,'测试全局公告7','测试全局公告7的内容',NULL,1555404092,1555404092),(9,1,'测试全局公告8','测试全局公告8的内容',NULL,1555404092,1555404092),(10,1,'测试全局公告9','测试全局公告9的内容',NULL,1555404092,1555404092),(11,1,'公告1011','大家进入班级请改名',1,1555404093,1555404093),(12,1,'公告101','大家进入班级请改名111',1,1555404093,1555404093),(13,1,'公告1011','大家进入班级请改名',2,1555404093,1555404093),(14,1,'公告101','大家进入班级请改名111',2,1555404093,1555404093),(15,1,'公告1011','大家进入班级请改名',3,1555404093,1555404093),(16,1,'公告101','大家进入班级请改名111',3,1555404093,1555404093),(17,1,'公告1011','大家进入班级请改名',4,1555404093,1555404093),(18,1,'公告101','大家进入班级请改名111',4,1555404093,1555404093),(19,1,'公告1011','大家进入班级请改名',5,1555404093,1555404093),(20,1,'公告101','大家进入班级请改名111',5,1555404093,1555404093),(21,1,'公告1011','大家进入班级请改名',6,1555404093,1555404093),(22,1,'公告101','大家进入班级请改名111',6,1555404093,1555404093),(23,1,'公告1011','大家进入班级请改名',7,1555404093,1555404093),(24,1,'公告101','大家进入班级请改名111',7,1555404093,1555404093),(25,1,'公告1011','大家进入班级请改名',8,1555404093,1555404093),(26,1,'公告101','大家进入班级请改名111',8,1555404093,1555404093),(27,1,'公告1011','大家进入班级请改名',9,1555404093,1555404093),(28,1,'公告101','大家进入班级请改名111',9,1555404093,1555404093),(29,1,'公告1011','大家进入班级请改名',10,1555404093,1555404093),(30,1,'公告101','大家进入班级请改名111',10,1555404093,1555404093);
/*!40000 ALTER TABLE `announcement` ENABLE KEYS */;
UNLOCK TABLES;

--
-- Table structure for table `class`
--

DROP TABLE IF EXISTS `class`;
/*!40101 SET @saved_cs_client     = @@character_set_client */;
 SET character_set_client = utf8mb4 ;
CREATE TABLE `class` (
  `id` bigint(64) NOT NULL AUTO_INCREMENT,
  `tutor` bigint(64) NOT NULL,
  `name` text NOT NULL,
  `introduction` text,
  `number` int(11) NOT NULL DEFAULT '0',
  `is_check` tinyint(1) NOT NULL DEFAULT '0',
  `create_time` bigint(64) NOT NULL,
  PRIMARY KEY (`id`)
) ENGINE=InnoDB AUTO_INCREMENT=11 DEFAULT CHARSET=utf8mb4 COLLATE=utf8mb4_0900_ai_ci;
/*!40101 SET character_set_client = @saved_cs_client */;

--
-- Dumping data for table `class`
--

LOCK TABLES `class` WRITE;
/*!40000 ALTER TABLE `class` DISABLE KEYS */;
INSERT INTO `class` VALUES (1,1,'测试班级','这个一个测试的班级',0,0,1555404093),(2,1,'测试班级','这个一个测试的班级',0,0,1555404093),(3,1,'测试班级','这个一个测试的班级',0,0,1555404093),(4,1,'测试班级','这个一个测试的班级',0,0,1555404093),(5,1,'测试班级','这个一个测试的班级',0,0,1555404093),(6,1,'测试班级','这个一个测试的班级',0,0,1555404093),(7,1,'测试班级','这个一个测试的班级',0,0,1555404093),(8,1,'测试班级','这个一个测试的班级',0,0,1555404093),(9,1,'测试班级','这个一个测试的班级',0,0,1555404093),(10,1,'测试班级','这个一个测试的班级',0,0,1555404093);
/*!40000 ALTER TABLE `class` ENABLE KEYS */;
UNLOCK TABLES;

--
-- Table structure for table `difficulty`
--

DROP TABLE IF EXISTS `difficulty`;
/*!40101 SET @saved_cs_client     = @@character_set_client */;
 SET character_set_client = utf8mb4 ;
CREATE TABLE `difficulty` (
  `id` int(11) NOT NULL AUTO_INCREMENT,
  `detail` varchar(100) NOT NULL,
  PRIMARY KEY (`id`)
) ENGINE=InnoDB AUTO_INCREMENT=6 DEFAULT CHARSET=utf8mb4 COLLATE=utf8mb4_0900_ai_ci;
/*!40101 SET character_set_client = @saved_cs_client */;

--
-- Dumping data for table `difficulty`
--

LOCK TABLES `difficulty` WRITE;
/*!40000 ALTER TABLE `difficulty` DISABLE KEYS */;
INSERT INTO `difficulty` VALUES (1,'很简单'),(2,'不那么简单'),(3,'中等'),(4,'有点困难'),(5,'很困难');
/*!40000 ALTER TABLE `difficulty` ENABLE KEYS */;
UNLOCK TABLES;

--
-- Table structure for table `algorithm`
--

DROP TABLE IF EXISTS `algorithm`;
/*!40101 SET @saved_cs_client     = @@character_set_client */;
 SET character_set_client = utf8mb4 ;
CREATE TABLE `algorithm` (
  `id` int(11) NOT NULL AUTO_INCREMENT,
  `detail` varchar(100) NOT NULL,
  PRIMARY KEY (`id`)
) ENGINE=InnoDB AUTO_INCREMENT=6 DEFAULT CHARSET=utf8mb4 COLLATE=utf8mb4_0900_ai_ci;
/*!40101 SET character_set_client = @saved_cs_client */;

--
-- Dumping data for table `difficulty`
--

LOCK TABLES `algorithm` WRITE;
/*!40000 ALTER TABLE `algorithm` DISABLE KEYS */;
INSERT INTO `algorithm` VALUES (1,'遗传算法'),(2,'随机算法');
/*!40000 ALTER TABLE `algorithm` ENABLE KEYS */;
UNLOCK TABLES;

--
-- Table structure for table `language`
--

DROP TABLE IF EXISTS `language`;
/*!40101 SET @saved_cs_client     = @@character_set_client */;
 SET character_set_client = utf8mb4 ;
CREATE TABLE `language` (
  `id` int(11) NOT NULL AUTO_INCREMENT,
  `detail` varchar(100) NOT NULL,
  PRIMARY KEY (`id`)
) ENGINE=InnoDB AUTO_INCREMENT=6 DEFAULT CHARSET=utf8mb4 COLLATE=utf8mb4_0900_ai_ci;
/*!40101 SET character_set_client = @saved_cs_client */;

--
-- Dumping data for table `language`
--

LOCK TABLES `language` WRITE;
/*!40000 ALTER TABLE `language` DISABLE KEYS */;
INSERT INTO `language` VALUES (1,'C'),(2,'C_PLUS'),(3,'JAVA'),(4,'PYTHON2'),(5,'PYTHON3');
/*!40000 ALTER TABLE `language` ENABLE KEYS */;
UNLOCK TABLES;

--
-- Table structure for table `match`
--

DROP TABLE IF EXISTS `match`;
/*!40101 SET @saved_cs_client     = @@character_set_client */;
 SET character_set_client = utf8mb4 ;
CREATE TABLE `match` (
  `id` bigint(64) NOT NULL AUTO_INCREMENT,
  `paper_id` bigint(64) NOT NULL,
  `is_public` tinyint(1) NOT NULL DEFAULT '1',
  `title` text NOT NULL,
  `introduction` text,
  `start_time` bigint(64) NOT NULL,
  `end_time` bigint(64) NOT NULL,
  PRIMARY KEY (`id`)
) ENGINE=InnoDB AUTO_INCREMENT=12 DEFAULT CHARSET=utf8mb4 COLLATE=utf8mb4_0900_ai_ci;
/*!40101 SET character_set_client = @saved_cs_client */;

--
-- Dumping data for table `match`
--

LOCK TABLES `match` WRITE;
/*!40000 ALTER TABLE `match` DISABLE KEYS */;
INSERT INTO `match` VALUES (1,1,1,'比赛00','测试的比赛',1555404093,1555414093),(2,2,1,'比赛01','测试的比赛',1555404093,1555414093),(3,3,1,'比赛02','测试的比赛',1555404093,1555414093),(4,4,1,'比赛03','测试的比赛',1555404093,1555414093),(5,5,1,'比赛04','测试的比赛',1555404093,1555414093),(6,6,1,'比赛05','测试的比赛',1555404093,1555414093),(7,7,1,'比赛06','测试的比赛',1555404093,1555414093),(8,8,1,'比赛07','测试的比赛',1555404093,1555414093),(9,9,1,'比赛08','测试的比赛',1555404093,1555414093),(10,10,1,'比赛09','测试的比赛',1555404093,1555414093),(11,11,0,'呵呵呵考试','asdfasdf',1555423598,1555433598);
/*!40000 ALTER TABLE `match` ENABLE KEYS */;
UNLOCK TABLES;

--
-- Table structure for table `paper`
--

DROP TABLE IF EXISTS `paper`;
/*!40101 SET @saved_cs_client     = @@character_set_client */;
 SET character_set_client = utf8mb4 ;
CREATE TABLE `paper` (
  `id` bigint(64) NOT NULL AUTO_INCREMENT,
  `difficulty` int(11) NOT NULL,
  `problem_num` int(11) NOT NULL,
  `tags` text NOT NULL,
  PRIMARY KEY (`id`)
) ENGINE=InnoDB AUTO_INCREMENT=12 DEFAULT CHARSET=utf8mb4 COLLATE=utf8mb4_0900_ai_ci;
/*!40101 SET character_set_client = @saved_cs_client */;

--
-- Dumping data for table `paper`
--

LOCK TABLES `paper` WRITE;
/*!40000 ALTER TABLE `paper` DISABLE KEYS */;
INSERT INTO `paper` VALUES (1,1,3,'[1,2]'),(2,1,3,'[1,2]'),(3,1,3,'[1,2]'),(4,1,3,'[1,2]'),(5,1,3,'[1,2]'),(6,1,3,'[1,2]'),(7,1,3,'[1,2]'),(8,1,3,'[1,2]'),(9,1,3,'[1,2]'),(10,1,3,'[1,2]'),(11,1,3,'[1,2,3]');
/*!40000 ALTER TABLE `paper` ENABLE KEYS */;
UNLOCK TABLES;

--
-- Table structure for table `paper_problem`
--

DROP TABLE IF EXISTS `paper_problem`;
/*!40101 SET @saved_cs_client     = @@character_set_client */;
 SET character_set_client = utf8mb4 ;
CREATE TABLE `paper_problem` (
  `problem_id` bigint(64) NOT NULL,
  `paper_id` bigint(64) NOT NULL,
  `index` int(11) NOT NULL,
  PRIMARY KEY (`problem_id`,`paper_id`,`index`),
  KEY `paper_id` (`paper_id`),
  CONSTRAINT `paper_problem_ibfk_1` FOREIGN KEY (`problem_id`) REFERENCES `problem` (`id`),
  CONSTRAINT `paper_problem_ibfk_2` FOREIGN KEY (`paper_id`) REFERENCES `paper` (`id`)
) ENGINE=InnoDB DEFAULT CHARSET=utf8mb4 COLLATE=utf8mb4_0900_ai_ci;
/*!40101 SET character_set_client = @saved_cs_client */;

--
-- Dumping data for table `paper_problem`
--

LOCK TABLES `paper_problem` WRITE;
/*!40000 ALTER TABLE `paper_problem` DISABLE KEYS */;
INSERT INTO `paper_problem` VALUES (1,1,1),(2,1,2),(4,1,3),(1,2,1),(2,2,2),(4,2,3),(1,3,1),(2,3,2),(4,3,3),(1,4,1),(2,4,2),(4,4,3),(1,5,1),(2,5,2),(4,5,3),(1,6,1),(2,6,2),(4,6,3),(1,7,1),(2,7,2),(4,7,3),(1,8,1),(2,8,2),(4,8,3),(1,9,1),(2,9,2),(4,9,3),(1,10,1),(2,10,2),(4,10,3),(1,11,1),(1,11,2);
/*!40000 ALTER TABLE `paper_problem` ENABLE KEYS */;
UNLOCK TABLES;

--
-- Table structure for table `problem`
--

DROP TABLE IF EXISTS `problem`;
/*!40101 SET @saved_cs_client     = @@character_set_client */;
 SET character_set_client = utf8mb4 ;
CREATE TABLE `problem` (
  `id` bigint(64) NOT NULL AUTO_INCREMENT,
  `title` text NOT NULL,
  `description` text NOT NULL,
  `in_description` text NOT NULL,
  `out_description` text NOT NULL,
  `hint` text,
  `judge_limit_time` int(11) NOT NULL,
  `judge_limit_mem` int(11) NOT NULL,
  `tags` text NOT NULL,
  `difficulty` int(11) NOT NULL DEFAULT '1',
  `create_time` bigint(64) NOT NULL DEFAULT '0',
  `publisher` bigint(64) NOT NULL,
  `last_used` bigint(64) NOT NULL DEFAULT '0',
  `used_time` int(64) NOT NULL DEFAULT '0',
  `submit_time` int(64) NOT NULL DEFAULT '0',
  `ac` int(64) NOT NULL DEFAULT '0',
  `wa` int(64) NOT NULL DEFAULT '0',
  `tle` int(64) NOT NULL DEFAULT '0',
  `mle` int(64) NOT NULL DEFAULT '0',
  `pe` int(64) NOT NULL DEFAULT '0',
  `ce` int(64) NOT NULL DEFAULT '0',
  `judge_file` varchar(100) NOT NULL,
  PRIMARY KEY (`id`),
  KEY `publisher` (`publisher`),
  KEY `difficulty` (`difficulty`),
  CONSTRAINT `problem_ibfk_1` FOREIGN KEY (`publisher`) REFERENCES `user` (`id`),
  CONSTRAINT `problem_ibfk_2` FOREIGN KEY (`difficulty`) REFERENCES `difficulty` (`id`)
) ENGINE=InnoDB AUTO_INCREMENT=11 DEFAULT CHARSET=utf8mb4 COLLATE=utf8mb4_0900_ai_ci;
/*!40101 SET character_set_client = @saved_cs_client */;

--
-- Dumping data for table `problem`
--

LOCK TABLES `problem` WRITE;
/*!40000 ALTER TABLE `problem` DISABLE KEYS */;
INSERT INTO `problem` VALUES 
(1,'求和问题','求两个数的和','输入两个int型数','输出两个数的和','无提示',1000,134217728,'[1]',1,1492332092,1,1492332092,0,0,0,0,0,0,0,0,'normal'),
(2,'搭积木','求两个数的和','输入两个int型数','输出两个数的和','无提示',1000,134217728,'[1]',1,1492332092,1,1492332092,0,0,0,0,0,0,0,0,'normal'),
(3,'迷宫','求两个数的和','输入两个int型数','输出两个数的和','无提示',1000,134217728,'[1]',1,1492332092,1,1492332092,0,0,0,0,0,0,0,0,'normal'),
(4,'lottery','求两个数的和','输入两个int型数','输出两个数的和','无提示',1000,134217728,'[1]',1,1492332092,1,1492332092,0,0,0,0,0,0,0,0,'normal'),
(5,'Expressions','求两个数的和','输入两个int型数','输出两个数的和','无提示',1000,134217728,'[1]',1,1492332092,1,1492332092,0,0,0,0,0,0,0,0,'normal'),
(6,'Generate random numbers','求两个数的和','输入两个int型数','输出两个数的和','无提示',1000,134217728,'[1]',1,1492332092,1,1492332092,0,0,0,0,0,0,0,0,'normal'),
(7,'Dark roads','求两个数的和','输入两个int型数','输出两个数的和','无提示',1000,134217728,'[1]',1,1492332092,1,1492332092,0,0,0,0,0,0,0,0,'normal'),
(8,'素数组合','求两个数的和','输入两个int型数','输出两个数的和','无提示',1000,134217728,'[1]',1,1492332092,1,1492332092,0,0,0,0,0,0,0,0,'normal'),
(9,'算法题1 矩阵连乘问题','求两个数的和','输入两个int型数','输出两个数的和','无提示',1000,134217728,'[1]',1,1492332092,1,1492332092,0,0,0,0,0,0,0,0,'normal'),
(10,'求和问题','求两个数的和','输入两个int型数','输出两个数的和','无提示',1000,134217728,'[1]',1,1492332092,1,1492332092,0,0,0,0,0,0,0,0,'normal'),
(11,'A+B Problem','求两个数的和','输入两个int型数','输出两个数的和','无提示',1000,134217728,'[1]',1,1492332092,1,1492332092,0,0,0,0,0,0,0,0,'normal'),
(12,'Easy Problem','求两个数的和','输入两个int型数','输出两个数的和','无提示',1000,134217728,'[1]',1,1492332092,1,1492332092,0,0,0,0,0,0,0,0,'normal'),
(13,'切糕','求两个数的和','输入两个int型数','输出两个数的和','无提示',1000,134217728,'[1]',1,1492332092,1,1492332092,0,0,0,0,0,0,0,0,'normal'),
(14,'So much oil!!!','求两个数的和','输入两个int型数','输出两个数的和','无提示',1000,134217728,'[1]',1,1492332092,1,1492332092,0,0,0,0,0,0,0,0,'normal'),
(15,'几队周尼玛？','求两个数的和','输入两个int型数','输出两个数的和','无提示',1000,134217728,'[1]',1,1492332092,1,1492332092,0,0,0,0,0,0,0,0,'normal'),
(16,'交叉匹配','求两个数的和','输入两个int型数','输出两个数的和','无提示',1000,134217728,'[2]',1,1492332092,1,1492332092,0,0,0,0,0,0,0,0,'normal'),
(17,'明7暗7','求两个数的和','输入两个int型数','输出两个数的和','无提示',1000,134217728,'[2]',1,1492332092,1,1492332092,0,0,0,0,0,0,0,0,'normal'),
(18,'下一个回文数','求两个数的和','输入两个int型数','输出两个数的和','无提示',1000,134217728,'[2]',1,1492332092,1,1492332092,0,0,0,0,0,0,0,0,'normal'),
(19,'农场的边长','求两个数的和','输入两个int型数','输出两个数的和','无提示',1000,134217728,'[2]',1,1492332092,1,1492332092,0,0,0,0,0,0,0,0,'normal'),
(20,'滑雪(小数据)','求两个数的和','输入两个int型数','输出两个数的和','无提示',1000,134217728,'[2]',1,1492332092,1,1492332092,0,0,0,0,0,0,0,0,'normal'),
(21,'滑雪（大数据）','求两个数的和','输入两个int型数','输出两个数的和','无提示',1000,134217728,'[2]',1,1492332092,1,1492332092,0,0,0,0,0,0,0,0,'normal'),
(22,'多项式构造问题','求两个数的和','输入两个int型数','输出两个数的和','无提示',1000,134217728,'[2]',1,1492332092,1,1492332092,0,0,0,0,0,0,0,0,'normal'),
(23,'三角迷宫','求两个数的和','输入两个int型数','输出两个数的和','无提示',1000,134217728,'[2]',1,1492332092,1,1492332092,0,0,0,0,0,0,0,0,'normal'),
(24,'zy 的计算机','求两个数的和','输入两个int型数','输出两个数的和','无提示',1000,134217728,'[2]',1,1492332092,1,1492332092,0,0,0,0,0,0,0,0,'normal'),
(25,'打吊针问题','求两个数的和','输入两个int型数','输出两个数的和','无提示',1000,134217728,'[2]',1,1492332092,1,1492332092,0,0,0,0,0,0,0,0,'normal'),
(26,'算法题2 最长公共子序列','求两个数的和','输入两个int型数','输出两个数的和','无提示',1000,134217728,'[2]',1,1492332092,1,1492332092,0,0,0,0,0,0,0,0,'normal'),
(27,'算法题3 银币问题','求两个数的和','输入两个int型数','输出两个数的和','无提示',1000,134217728,'[2]',1,1492332092,1,1492332092,0,0,0,0,0,0,0,0,'normal'),
(28,'算法题4 哈夫曼编码','求两个数的和','输入两个int型数','输出两个数的和','无提示',1000,134217728,'[2]',1,1492332092,1,1492332092,0,0,0,0,0,0,0,0,'normal'),
(29,'算法题5 Dijkstra算法（最短距离）','求两个数的和','输入两个int型数','输出两个数的和','无提示',1000,134217728,'[2]',1,1492332092,1,1492332092,0,0,0,0,0,0,0,0,'normal'),
(30,'3色问题','求两个数的和','输入两个int型数','输出两个数的和','无提示',1000,134217728,'[2]',1,1492332092,1,1492332092,0,0,0,0,0,0,0,0,'normal'),
(31,'3进制计算机','求两个数的和','输入两个int型数','输出两个数的和','无提示',1000,134217728,'[3]',1,1492332092,1,1492332092,0,0,0,0,0,0,0,0,'normal'),
(32,'bloodyutopia','求两个数的和','输入两个int型数','输出两个数的和','无提示',1000,134217728,'[3]',1,1492332092,1,1492332092,0,0,0,0,0,0,0,0,'normal'),
(33,'樱花庄的最短路','求两个数的和','输入两个int型数','输出两个数的和','无提示',1000,134217728,'[3]',1,1492332092,1,1492332092,0,0,0,0,0,0,0,0,'normal'),
(34,'Sorting','求两个数的和','输入两个int型数','输出两个数的和','无提示',1000,134217728,'[3]',1,1492332092,1,1492332092,0,0,0,0,0,0,0,0,'normal'),
(35,'How many ways','求两个数的和','输入两个int型数','输出两个数的和','无提示',1000,134217728,'[3]',1,1492332092,1,1492332092,0,0,0,0,0,0,0,0,'normal'),
(36,'Sum up','求两个数的和','输入两个int型数','输出两个数的和','无提示',1000,134217728,'[3]',1,1492332092,1,1492332092,0,0,0,0,0,0,0,0,'normal'),
(37,'Escape from punishment（此题数据较水，请尝试求出更复杂的解，需要用到微积分哦）','求两个数的和','输入两个int型数','输出两个数的和','无提示',1000,134217728,'[3]',1,1492332092,1,1492332092,0,0,0,0,0,0,0,0,'normal'),
(38,'A simple game','求两个数的和','输入两个int型数','输出两个数的和','无提示',1000,134217728,'[3]',1,1492332092,1,1492332092,0,0,0,0,0,0,0,0,'normal'),
(39,'虫虫排序','求两个数的和','输入两个int型数','输出两个数的和','无提示',1000,134217728,'[3]',1,1492332092,1,1492332092,0,0,0,0,0,0,0,0,'normal'),
(40,'魔法森林2','求两个数的和','输入两个int型数','输出两个数的和','无提示',1000,134217728,'[3]',1,1492332092,1,1492332092,0,0,0,0,0,0,0,0,'normal'),
(41,'ChongBit','求两个数的和','输入两个int型数','输出两个数的和','无提示',1000,134217728,'[3]',1,1492332092,1,1492332092,0,0,0,0,0,0,0,0,'normal'),
(42,'ChongQueue','求两个数的和','输入两个int型数','输出两个数的和','无提示',1000,134217728,'[3]',1,1492332092,1,1492332092,0,0,0,0,0,0,0,0,'normal'),
(43,'进击的小豪','求两个数的和','输入两个int型数','输出两个数的和','无提示',1000,134217728,'[3]',1,1492332092,1,1492332092,0,0,0,0,0,0,0,0,'normal'),
(44,'深爱Dijkstra','求两个数的和','输入两个int型数','输出两个数的和','无提示',1000,134217728,'[3]',1,1492332092,1,1492332092,0,0,0,0,0,0,0,0,'normal'),
(45,'ZLs Prob.1','求两个数的和','输入两个int型数','输出两个数的和','无提示',1000,134217728,'[3]',1,1492332092,1,1492332092,0,0,0,0,0,0,0,0,'normal'),
(46,'ZLs Prob.2','求两个数的和','输入两个int型数','输出两个数的和','无提示',1000,134217728,'[4]',1,1492332092,1,1492332092,0,0,0,0,0,0,0,0,'normal'),
(47,'Semi-prime H-numbers','求两个数的和','输入两个int型数','输出两个数的和','无提示',1000,134217728,'[4]',1,1492332092,1,1492332092,0,0,0,0,0,0,0,0,'normal'),
(48,'Rectilinear polygon','求两个数的和','输入两个int型数','输出两个数的和','无提示',1000,134217728,'[4]',1,1492332092,1,1492332092,0,0,0,0,0,0,0,0,'normal'),
(49,'Life Forms','求两个数的和','输入两个int型数','输出两个数的和','无提示',1000,134217728,'[4]',1,1492332092,1,1492332092,0,0,0,0,0,0,0,0,'normal'),
(50,'Tautology','求两个数的和','输入两个int型数','输出两个数的和','无提示',1000,134217728,'[4]',1,1492332092,1,1492332092,0,0,0,0,0,0,0,0,'normal'),
(51,'Rinse','求两个数的和','输入两个int型数','输出两个数的和','无提示',1000,134217728,'[4]',1,1492332092,1,1492332092,0,0,0,0,0,0,0,0,'normal'),
(52,'报数游戏','求两个数的和','输入两个int型数','输出两个数的和','无提示',1000,134217728,'[4]',1,1492332092,1,1492332092,0,0,0,0,0,0,0,0,'normal'),
(53,'火车调度','求两个数的和','输入两个int型数','输出两个数的和','无提示',1000,134217728,'[4]',1,1492332092,1,1492332092,0,0,0,0,0,0,0,0,'normal'),
(54,'最长序列','求两个数的和','输入两个int型数','输出两个数的和','无提示',1000,134217728,'[4]',1,1492332092,1,1492332092,0,0,0,0,0,0,0,0,'normal'),
(55,'小偷偷东西','求两个数的和','输入两个int型数','输出两个数的和','无提示',1000,134217728,'[4]',1,1492332092,1,1492332092,0,0,0,0,0,0,0,0,'normal'),
(56,'点在四边形内吗？','求两个数的和','输入两个int型数','输出两个数的和','无提示',1000,134217728,'[4]',1,1492332092,1,1492332092,0,0,0,0,0,0,0,0,'normal'),
(57,'磁带最优存储问题','求两个数的和','输入两个int型数','输出两个数的和','无提示',1000,134217728,'[4]',1,1492332092,1,1492332092,0,0,0,0,0,0,0,0,'normal'),
(58,'点树','求两个数的和','输入两个int型数','输出两个数的和','无提示',1000,134217728,'[4]',1,1492332092,1,1492332092,0,0,0,0,0,0,0,0,'normal'),
(59,'变量名转换','求两个数的和','输入两个int型数','输出两个数的和','无提示',1000,134217728,'[4]',1,1492332092,1,1492332092,0,0,0,0,0,0,0,0,'normal'),
(60,'喊号子','求两个数的和','输入两个int型数','输出两个数的和','无提示',1000,134217728,'[4]',1,1492332092,1,1492332092,0,0,0,0,0,0,0,0,'normal'),
(61,'新 Rating 区间','求两个数的和','输入两个int型数','输出两个数的和','无提示',1000,134217728,'[5]',1,1492332092,1,1492332092,0,0,0,0,0,0,0,0,'normal'),
(62,'猜生日','求两个数的和','输入两个int型数','输出两个数的和','无提示',1000,134217728,'[5]',1,1492332092,1,1492332092,0,0,0,0,0,0,0,0,'normal'),
(63,'愉快的聊天','求两个数的和','输入两个int型数','输出两个数的和','无提示',1000,134217728,'[5]',1,1492332092,1,1492332092,0,0,0,0,0,0,0,0,'normal'),
(64,'面积','求两个数的和','输入两个int型数','输出两个数的和','无提示',1000,134217728,'[5]',1,1492332092,1,1492332092,0,0,0,0,0,0,0,0,'normal'),
(65,'仓库管理员','求两个数的和','输入两个int型数','输出两个数的和','无提示',1000,134217728,'[5]',1,1492332092,1,1492332092,0,0,0,0,0,0,0,0,'normal'),
(66,'奇偶和','求两个数的和','输入两个int型数','输出两个数的和','无提示',1000,134217728,'[5]',1,1492332092,1,1492332092,0,0,0,0,0,0,0,0,'normal'),
(67,'水题','求两个数的和','输入两个int型数','输出两个数的和','无提示',1000,134217728,'[5]',1,1492332092,1,1492332092,0,0,0,0,0,0,0,0,'normal'),
(68,'LCM','求两个数的和','输入两个int型数','输出两个数的和','无提示',1000,134217728,'[5]',1,1492332092,1,1492332092,0,0,0,0,0,0,0,0,'normal'),
(69,'移动火柴','求两个数的和','输入两个int型数','输出两个数的和','无提示',1000,134217728,'[5]',1,1492332092,1,1492332092,0,0,0,0,0,0,0,0,'normal'),
(70,'Euchre Results','求两个数的和','输入两个int型数','输出两个数的和','无提示',1000,134217728,'[5]',1,1492332092,1,1492332092,0,0,0,0,0,0,0,0,'normal'),
(71,'ghbgh的物理实验','求两个数的和','输入两个int型数','输出两个数的和','无提示',1000,134217728,'[5]',1,1492332092,1,1492332092,0,0,0,0,0,0,0,0,'normal'),
(72,'合并果子','求两个数的和','输入两个int型数','输出两个数的和','无提示',1000,134217728,'[5]',1,1492332092,1,1492332092,0,0,0,0,0,0,0,0,'normal'),
(73,'xyiyy的难题','求两个数的和','输入两个int型数','输出两个数的和','无提示',1000,134217728,'[5]',1,1492332092,1,1492332092,0,0,0,0,0,0,0,0,'normal'),
(74,'谁去拿外卖','求两个数的和','输入两个int型数','输出两个数的和','无提示',1000,134217728,'[5]',1,1492332092,1,1492332092,0,0,0,0,0,0,0,0,'normal'),
(75,'xyiyy的歪招','求两个数的和','输入两个int型数','输出两个数的和','无提示',1000,134217728,'[5]',1,1492332092,1,1492332092,0,0,0,0,0,0,0,0,'normal'),
(76,'吃鸡排能减肥','求两个数的和','输入两个int型数','输出两个数的和','无提示',1000,134217728,'[6]',1,1492332092,1,1492332092,0,0,0,0,0,0,0,0,'normal'),
(77,'xyiyy的失策','求两个数的和','输入两个int型数','输出两个数的和','无提示',1000,134217728,'[6]',1,1492332092,1,1492332092,0,0,0,0,0,0,0,0,'normal'),
(78,'公鸡叠罗汉','求两个数的和','输入两个int型数','输出两个数的和','无提示',1000,134217728,'[6]',1,1492332092,1,1492332092,0,0,0,0,0,0,0,0,'normal'),
(79,'A+B problem','求两个数的和','输入两个int型数','输出两个数的和','无提示',1000,134217728,'[6]',1,1492332092,1,1492332092,0,0,0,0,0,0,0,0,'normal'),
(80,'A1-行列式值','求两个数的和','输入两个int型数','输出两个数的和','无提示',1000,134217728,'[6]',1,1492332092,1,1492332092,0,0,0,0,0,0,0,0,'normal'),
(81,'A2-矩阵加法','求两个数的和','输入两个int型数','输出两个数的和','无提示',1000,134217728,'[6]',1,1492332092,1,1492332092,0,0,0,0,0,0,0,0,'normal'),
(82,'A3-算术平均值和几何平均值','求两个数的和','输入两个int型数','输出两个数的和','无提示',1000,134217728,'[6]',1,1492332092,1,1492332092,0,0,0,0,0,0,0,0,'normal'),
(83,'A4-十个整数排序','求两个数的和','输入两个int型数','输出两个数的和','无提示',1000,134217728,'[6]',1,1492332092,1,1492332092,0,0,0,0,0,0,0,0,'normal'),
(84,'A5-兑换钱币','求两个数的和','输入两个int型数','输出两个数的和','无提示',1000,134217728,'[6]',1,1492332092,1,1492332092,0,0,0,0,0,0,0,0,'normal'),
(85,'A6-多项式计算','求两个数的和','输入两个int型数','输出两个数的和','无提示',1000,134217728,'[6]',1,1492332092,1,1492332092,0,0,0,0,0,0,0,0,'normal'),
(86,'A7-多个a问题','求两个数的和','输入两个int型数','输出两个数的和','无提示',1000,134217728,'[6]',1,1492332092,1,1492332092,0,0,0,0,0,0,0,0,'normal'),
(87,'A8-杨辉三角','求两个数的和','输入两个int型数','输出两个数的和','无提示',1000,134217728,'[6]',1,1492332092,1,1492332092,0,0,0,0,0,0,0,0,'normal'),
(88,'A9-百分制转换成五级分制','求两个数的和','输入两个int型数','输出两个数的和','无提示',1000,134217728,'[6]',1,1492332092,1,1492332092,0,0,0,0,0,0,0,0,'normal'),
(89,'A10-Fibonacci数列','求两个数的和','输入两个int型数','输出两个数的和','无提示',1000,134217728,'[6]',1,1492332092,1,1492332092,0,0,0,0,0,0,0,0,'normal'),
(90,'A11-矩阵转置','求两个数的和','输入两个int型数','输出两个数的和','无提示',1000,134217728,'[6]',1,1492332092,1,1492332092,0,0,0,0,0,0,0,0,'normal'),
(91,'A12-判断闰年','求两个数的和','输入两个int型数','输出两个数的和','无提示',1000,134217728,'[7]',1,1492332092,1,1492332092,0,0,0,0,0,0,0,0,'normal'),
(92,'A13-求解一元二次方程','求两个数的和','输入两个int型数','输出两个数的和','无提示',1000,134217728,'[7]',1,1492332092,1,1492332092,0,0,0,0,0,0,0,0,'normal'),
(93,'A14-去掉最高分去掉最低分','求两个数的和','输入两个int型数','输出两个数的和','无提示',1000,134217728,'[7]',1,1492332092,1,1492332092,0,0,0,0,0,0,0,0,'normal'),
(94,'A15-计算天数','求两个数的和','输入两个int型数','输出两个数的和','无提示',1000,134217728,'[7]',1,1492332092,1,1492332092,0,0,0,0,0,0,0,0,'normal'),
(95,'A16-18岁生日问题','求两个数的和','输入两个int型数','输出两个数的和','无提示',1000,134217728,'[7]',1,1492332092,1,1492332092,0,0,0,0,0,0,0,0,'normal'),
(96,'A17-删除重复数据','求两个数的和','输入两个int型数','输出两个数的和','无提示',1000,134217728,'[7]',1,1492332092,1,1492332092,0,0,0,0,0,0,0,0,'normal'),
(97,'A18-矩阵幂','求两个数的和','输入两个int型数','输出两个数的和','无提示',1000,134217728,'[7]',1,1492332092,1,1492332092,0,0,0,0,0,0,0,0,'normal'),
(98,'A19-逆时针螺旋方阵','求两个数的和','输入两个int型数','输出两个数的和','无提示',1000,134217728,'[7]',1,1492332092,1,1492332092,0,0,0,0,0,0,0,0,'normal'),
(99,'A20-逆序对数目','求两个数的和','输入两个int型数','输出两个数的和','无提示',1000,134217728,'[7]',1,1492332092,1,1492332092,0,0,0,0,0,0,0,0,'normal'),
(100,'B1-字符串中转换小写字母','求两个数的和','输入两个int型数','输出两个数的和','无提示',1000,134217728,'[7]',1,1492332092,1,1492332092,0,0,0,0,0,0,0,0,'normal'),
(101,'B2-空格字符与非空格字符统计','求两个数的和','输入两个int型数','输出两个数的和','无提示',1000,134217728,'[7]',1,1492332092,1,1492332092,0,0,0,0,0,0,0,0,'normal'),
(102,'B3-字符串倒置','求两个数的和','输入两个int型数','输出两个数的和','无提示',1000,134217728,'[7]',1,1492332092,1,1492332092,0,0,0,0,0,0,0,0,'normal'),
(103,'B4-统计单词','求两个数的和','输入两个int型数','输出两个数的和','无提示',1000,134217728,'[7]',1,1492332092,1,1492332092,0,0,0,0,0,0,0,0,'normal'),
(104,'B5-分离整数','求两个数的和','输入两个int型数','输出两个数的和','无提示',1000,134217728,'[7]',1,1492332092,1,1492332092,0,0,0,0,0,0,0,0,'normal'),
(105,'B6-统计子串','求两个数的和','输入两个int型数','输出两个数的和','无提示',1000,134217728,'[7]',1,1492332092,1,1492332092,0,0,0,0,0,0,0,0,'normal'),
(106,'B7-英文缩写词','求两个数的和','输入两个int型数','输出两个数的和','无提示',1000,134217728,'[1]',2,1492332092,1,1492332092,0,0,0,0,0,0,0,0,'normal'),
(107,'B8-任意数制转换','求两个数的和','输入两个int型数','输出两个数的和','无提示',1000,134217728,'[1]',2,1492332092,1,1492332092,0,0,0,0,0,0,0,0,'normal'),
(108,'B9-构造回文','求两个数的和','输入两个int型数','输出两个数的和','无提示',1000,134217728,'[1]',2,1492332092,1,1492332092,0,0,0,0,0,0,0,0,'normal'),
(109,'B10-加密','求两个数的和','输入两个int型数','输出两个数的和','无提示',1000,134217728,'[1]',2,1492332092,1,1492332092,0,0,0,0,0,0,0,0,'normal'),
(110,'C1-阶乘尾部0的个数','求两个数的和','输入两个int型数','输出两个数的和','无提示',1000,134217728,'[1]',2,1492332092,1,1492332092,0,0,0,0,0,0,0,0,'normal'),
(111,'C2-n以内能被m整除的最大整数','求两个数的和','输入两个int型数','输出两个数的和','无提示',1000,134217728,'[2]',2,1492332092,1,1492332092,0,0,0,0,0,0,0,0,'normal'),
(112,'C3-最大公因数最小公倍数','求两个数的和','输入两个int型数','输出两个数的和','无提示',1000,134217728,'[2]',2,1492332092,1,1492332092,0,0,0,0,0,0,0,0,'normal'),
(113,'C4-n以内与m互质的数的个数','求两个数的和','输入两个int型数','输出两个数的和','无提示',1000,134217728,'[2]',2,1492332092,1,1492332092,0,0,0,0,0,0,0,0,'normal'),
(114,'C5-判断素数','求两个数的和','输入两个int型数','输出两个数的和','无提示',1000,134217728,'[2]',2,1492332092,1,1492332092,0,0,0,0,0,0,0,0,'normal'),
(115,'C6-是否被11除尽','求两个数的和','输入两个int型数','输出两个数的和','无提示',1000,134217728,'[2]',2,1492332092,1,1492332092,0,0,0,0,0,0,0,0,'normal'),
(116,'C7-是否被13除尽','求两个数的和','输入两个int型数','输出两个数的和','无提示',1000,134217728,'[3]',2,1492332092,1,1492332092,0,0,0,0,0,0,0,0,'normal'),
(117,'C8-是否有整数解','求两个数的和','输入两个int型数','输出两个数的和','无提示',1000,134217728,'[3]',2,1492332092,1,1492332092,0,0,0,0,0,0,0,0,'normal'),
(118,'C9-百钱买百鸡','求两个数的和','输入两个int型数','输出两个数的和','无提示',1000,134217728,'[3]',2,1492332092,1,1492332092,0,0,0,0,0,0,0,0,'normal'),
(119,'C10-Josephus问题','求两个数的和','输入两个int型数','输出两个数的和','无提示',1000,134217728,'[3]',2,1492332092,1,1492332092,0,0,0,0,0,0,0,0,'normal'),
(120,'D0-盒子装弹珠','求两个数的和','输入两个int型数','输出两个数的和','无提示',1000,134217728,'[3]',2,1492332092,1,1492332092,0,0,0,0,0,0,0,0,'normal'),
(121,'D1-聚餐','求两个数的和','输入两个int型数','输出两个数的和','无提示',1000,134217728,'[4]',2,1492332092,1,1492332092,0,0,0,0,0,0,0,0,'normal'),
(122,'D2-乒乓球赛','求两个数的和','输入两个int型数','输出两个数的和','无提示',1000,134217728,'[4]',2,1492332092,1,1492332092,0,0,0,0,0,0,0,0,'normal'),
(123,'D3-整数分拆','求两个数的和','输入两个int型数','输出两个数的和','无提示',1000,134217728,'[4]',2,1492332092,1,1492332092,0,0,0,0,0,0,0,0,'normal'),
(124,'D4-硬币','求两个数的和','输入两个int型数','输出两个数的和','无提示',1000,134217728,'[4]',2,1492332092,1,1492332092,0,0,0,0,0,0,0,0,'normal'),
(125,'D5-“红色病毒”的变异','求两个数的和','输入两个int型数','输出两个数的和','无提示',1000,134217728,'[4]',2,1492332092,1,1492332092,0,0,0,0,0,0,0,0,'normal'),
(126,'D6-排坐','求两个数的和','输入两个int型数','输出两个数的和','无提示',1000,134217728,'[5]',2,1492332092,1,1492332092,0,0,0,0,0,0,0,0,'normal'),
(127,'D7-A+B问题','求两个数的和','输入两个int型数','输出两个数的和','无提示',1000,134217728,'[5]',2,1492332092,1,1492332092,0,0,0,0,0,0,0,0,'normal'),
(128,'D8-A-B问题','求两个数的和','输入两个int型数','输出两个数的和','无提示',1000,134217728,'[5]',2,1492332092,1,1492332092,0,0,0,0,0,0,0,0,'normal'),
(129,'D9-n!','求两个数的和','输入两个int型数','输出两个数的和','无提示',1000,134217728,'[5]',2,1492332092,1,1492332092,0,0,0,0,0,0,0,0,'normal'),
(130,'D10-n的n次幂','求两个数的和','输入两个int型数','输出两个数的和','无提示',1000,134217728,'[5]',2,1492332092,1,1492332092,0,0,0,0,0,0,0,0,'normal'),
(131,'Yaoge is Good at Playing Army Chess','求两个数的和','输入两个int型数','输出两个数的和','无提示',1000,134217728,'[6]',2,1492332092,1,1492332092,0,0,0,0,0,0,0,0,'normal'),
(132,'Why You Hit Yaoge?','求两个数的和','输入两个int型数','输出两个数的和','无提示',1000,134217728,'[6]',2,1492332092,1,1492332092,0,0,0,0,0,0,0,0,'normal'),
(133,'Yaoge鸡排系列之九——好多鸡排！！！','求两个数的和','输入两个int型数','输出两个数的和','无提示',1000,134217728,'[6]',2,1492332092,1,1492332092,0,0,0,0,0,0,0,0,'normal'),
(134,'分裂的寄生兽','求两个数的和','输入两个int型数','输出两个数的和','无提示',1000,134217728,'[6]',2,1492332092,1,1492332092,0,0,0,0,0,0,0,0,'normal'),
(135,'重力变化','求两个数的和','输入两个int型数','输出两个数的和','无提示',1000,134217728,'[6]',2,1492332092,1,1492332092,0,0,0,0,0,0,0,0,'normal'),
(136,'上海大学ACM程序设计决赛','求两个数的和','输入两个int型数','输出两个数的和','无提示',1000,134217728,'[7]',2,1492332092,1,1492332092,0,0,0,0,0,0,0,0,'normal'),
(137,'Yaoge’s Simple Math Problem','求两个数的和','输入两个int型数','输出两个数的和','无提示',1000,134217728,'[7]',2,1492332092,1,1492332092,0,0,0,0,0,0,0,0,'normal'),
(138,'Yaoge’s Domino','求两个数的和','输入两个int型数','输出两个数的和','无提示',1000,134217728,'[7]',2,1492332092,1,1492332092,0,0,0,0,0,0,0,0,'normal'),
(139,'Yaoge’s Simple Shortest Path','求两个数的和','输入两个int型数','输出两个数的和','无提示',1000,134217728,'[7]',2,1492332092,1,1492332092,0,0,0,0,0,0,0,0,'normal'),
(140,'The Only Principle of Yaoge','求两个数的和','输入两个int型数','输出两个数的和','无提示',1000,134217728,'[7]',2,1492332092,1,1492332092,0,0,0,0,0,0,0,0,'normal'),
(141,'Yaoge’s New Skill - Teleport','求两个数的和','输入两个int型数','输出两个数的和','无提示',1000,134217728,'[1]',3,1492332092,1,1492332092,0,0,0,0,0,0,0,0,'normal'),
(142,'Yaoge’s Simple Data Structure Problem','求两个数的和','输入两个int型数','输出两个数的和','无提示',1000,134217728,'[1]',3,1492332092,1,1492332092,0,0,0,0,0,0,0,0,'normal'),
(143,'互质数的对数','求两个数的和','输入两个int型数','输出两个数的和','无提示',1000,134217728,'[1]',3,1492332092,1,1492332092,0,0,0,0,0,0,0,0,'normal'),
(144,'An Easy Factorial Problem','求两个数的和','输入两个int型数','输出两个数的和','无提示',1000,134217728,'[1]',3,1492332092,1,1492332092,0,0,0,0,0,0,0,0,'normal'),
(145,'盒子与小球','求两个数的和','输入两个int型数','输出两个数的和','无提示',1000,134217728,'[1]',3,1492332092,1,1492332092,0,0,0,0,0,0,0,0,'normal'),
(146,'XOR Zero','求两个数的和','输入两个int型数','输出两个数的和','无提示',1000,134217728,'[2]',3,1492332092,1,1492332092,0,0,0,0,0,0,0,0,'normal'),
(147,'小朋友和小红花','求两个数的和','输入两个int型数','输出两个数的和','无提示',1000,134217728,'[2]',3,1492332092,1,1492332092,0,0,0,0,0,0,0,0,'normal'),
(148,'拉拉帮，结结派','求两个数的和','输入两个int型数','输出两个数的和','无提示',1000,134217728,'[2]',3,1492332092,1,1492332092,0,0,0,0,0,0,0,0,'normal'),
(149,'找个数','求两个数的和','输入两个int型数','输出两个数的和','无提示',1000,134217728,'[2]',3,1492332092,1,1492332092,0,0,0,0,0,0,0,0,'normal'),
(150,'找个数数数数','求两个数的和','输入两个int型数','输出两个数的和','无提示',1000,134217728,'[2]',3,1492332092,1,1492332092,0,0,0,0,0,0,0,0,'normal'),
(151,'等级森严','求两个数的和','输入两个int型数','输出两个数的和','无提示',1000,134217728,'[3]',3,1492332092,1,1492332092,0,0,0,0,0,0,0,0,'normal'),
(152,'你个叛徒','求两个数的和','输入两个int型数','输出两个数的和','无提示',1000,134217728,'[3]',3,1492332092,1,1492332092,0,0,0,0,0,0,0,0,'normal'),
(153,'矩阵','求两个数的和','输入两个int型数','输出两个数的和','无提示',1000,134217728,'[3]',3,1492332092,1,1492332092,0,0,0,0,0,0,0,0,'normal'),
(154,'求个和','求两个数的和','输入两个int型数','输出两个数的和','无提示',1000,134217728,'[3]',3,1492332092,1,1492332092,0,0,0,0,0,0,0,0,'normal'),
(155,'变个法地求个和','求两个数的和','输入两个int型数','输出两个数的和','无提示',1000,134217728,'[3]',3,1492332092,1,1492332092,0,0,0,0,0,0,0,0,'normal'),
(156,'变着法地求个值','求两个数的和','输入两个int型数','输出两个数的和','无提示',1000,134217728,'[4]',3,1492332092,1,1492332092,0,0,0,0,0,0,0,0,'normal'),
(157,'大和小','求两个数的和','输入两个int型数','输出两个数的和','无提示',1000,134217728,'[4]',3,1492332092,1,1492332092,0,0,0,0,0,0,0,0,'normal'),
(158,'变着大法地求个和','求两个数的和','输入两个int型数','输出两个数的和','无提示',1000,134217728,'[4]',3,1492332092,1,1492332092,0,0,0,0,0,0,0,0,'normal'),
(159,'线性变换地求个和','求两个数的和','输入两个int型数','输出两个数的和','无提示',1000,134217728,'[4]',3,1492332092,1,1492332092,0,0,0,0,0,0,0,0,'normal'),
(160,'左拼右凑求个和','求两个数的和','输入两个int型数','输出两个数的和','无提示',1000,134217728,'[4]',3,1492332092,1,1492332092,0,0,0,0,0,0,0,0,'normal'),
(161,'String Similarity 1.0','求两个数的和','输入两个int型数','输出两个数的和','无提示',1000,134217728,'[5]',3,1492332092,1,1492332092,0,0,0,0,0,0,0,0,'normal'),
(162,'String Similarity 2.0','求两个数的和','输入两个int型数','输出两个数的和','无提示',1000,134217728,'[5]',3,1492332092,1,1492332092,0,0,0,0,0,0,0,0,'normal'),
(163,'String Similarity 3.0','求两个数的和','输入两个int型数','输出两个数的和','无提示',1000,134217728,'[5]',3,1492332092,1,1492332092,0,0,0,0,0,0,0,0,'normal'),
(164,'Multiplification','求两个数的和','输入两个int型数','输出两个数的和','无提示',1000,134217728,'[5]',3,1492332092,1,1492332092,0,0,0,0,0,0,0,0,'normal'),
(165,'小6练举重','求两个数的和','输入两个int型数','输出两个数的和','无提示',1000,134217728,'[5]',3,1492332092,1,1492332092,0,0,0,0,0,0,0,0,'normal'),
(166,'小6的梦话','求两个数的和','输入两个int型数','输出两个数的和','无提示',1000,134217728,'[6]',3,1492332092,1,1492332092,0,0,0,0,0,0,0,0,'normal'),
(167,'God 6的难题','求两个数的和','输入两个int型数','输出两个数的和','无提示',1000,134217728,'[6]',3,1492332092,1,1492332092,0,0,0,0,0,0,0,0,'normal'),
(168,'小6爱唱歌','求两个数的和','输入两个int型数','输出两个数的和','无提示',1000,134217728,'[6]',3,1492332092,1,1492332092,0,0,0,0,0,0,0,0,'normal'),
(169,'小6和奇怪的公式','求两个数的和','输入两个int型数','输出两个数的和','无提示',1000,134217728,'[6]',3,1492332092,1,1492332092,0,0,0,0,0,0,0,0,'normal'),
(170,'小6爱夜跑','求两个数的和','输入两个int型数','输出两个数的和','无提示',1000,134217728,'[6]',3,1492332092,1,1492332092,0,0,0,0,0,0,0,0,'normal'),
(171,'小6的灾难','求两个数的和','输入两个int型数','输出两个数的和','无提示',1000,134217728,'[7]',3,1492332092,1,1492332092,0,0,0,0,0,0,0,0,'normal'),
(172,'小6的多米诺骨牌','求两个数的和','输入两个int型数','输出两个数的和','无提示',1000,134217728,'[7]',3,1492332092,1,1492332092,0,0,0,0,0,0,0,0,'normal'),
(173,'yaoge的命令','求两个数的和','输入两个int型数','输出两个数的和','无提示',1000,134217728,'[7]',3,1492332092,1,1492332092,0,0,0,0,0,0,0,0,'normal'),
(174,'矩阵幂','求两个数的和','输入两个int型数','输出两个数的和','无提示',1000,134217728,'[7]',3,1492332092,1,1492332092,0,0,0,0,0,0,0,0,'normal'),
(175,'装错信封','求两个数的和','输入两个int型数','输出两个数的和','无提示',1000,134217728,'[7]',3,1492332092,1,1492332092,0,0,0,0,0,0,0,0,'normal'),
(176,'守护象','求两个数的和','输入两个int型数','输出两个数的和','无提示',1000,134217728,'[1]',4,1492332092,1,1492332092,0,0,0,0,0,0,0,0,'normal'),
(177,'Bob and Jack’s Math Game','求两个数的和','输入两个int型数','输出两个数的和','无提示',1000,134217728,'[1]',4,1492332092,1,1492332092,0,0,0,0,0,0,0,0,'normal'),
(178,'Bob and Jack’s Shortest Path Problem','求两个数的和','输入两个int型数','输出两个数的和','无提示',1000,134217728,'[1]',4,1492332092,1,1492332092,0,0,0,0,0,0,0,0,'normal'),
(179,'Bob’s rating','求两个数的和','输入两个int型数','输出两个数的和','无提示',1000,134217728,'[1]',4,1492332092,1,1492332092,0,0,0,0,0,0,0,0,'normal'),
(180,'Bob的回文串','求两个数的和','输入两个int型数','输出两个数的和','无提示',1000,134217728,'[1]',4,1492332092,1,1492332092,0,0,0,0,0,0,0,0,'normal'),
(181,'正方形环','求两个数的和','输入两个int型数','输出两个数的和','无提示',1000,134217728,'[2]',4,1492332092,1,1492332092,0,0,0,0,0,0,0,0,'normal'),
(182,'Jack的机关迷宫','求两个数的和','输入两个int型数','输出两个数的和','无提示',1000,134217728,'[2]',4,1492332092,1,1492332092,0,0,0,0,0,0,0,0,'normal'),
(183,'Running Man,Bob','求两个数的和','输入两个int型数','输出两个数的和','无提示',1000,134217728,'[2]',4,1492332092,1,1492332092,0,0,0,0,0,0,0,0,'normal'),
(184,'Bob的二倍数','求两个数的和','输入两个int型数','输出两个数的和','无提示',1000,134217728,'[2]',4,1492332092,1,1492332092  ,0,0,0,0,0,0,0,0,'normal'),
(185,'穿墙术','求两个数的和','输入两个int型数','输出两个数的和','无提示',1000,134217728,'[2]',4,1492332092,1,1492332092,0,0,0,0,0,0,0,0,'normal'),
(186,'方差','求两个数的和','输入两个int型数','输出两个数的和','无提示',1000,134217728,'[3]',4,1492332092,1,1492332092,0,0,0,0,0,0,0,0,'normal'),
(187,'Bob的画图软件','求两个数的和','输入两个int型数','输出两个数的和','无提示',1000,134217728,'[3]',4,1492332092,1,1492332092,0,0,0,0,0,0,0,0,'normal'),
(188,'Bob的回文串2','求两个数的和','输入两个int型数','输出两个数的和','无提示',1000,134217728,'[3]',4,1492332092,1,1492332092,0,0,0,0,0,0,0,0,'normal'),
(189,'某Yaoge的超电磁炮','求两个数的和','输入两个int型数','输出两个数的和','无提示',1000,134217728,'[3]',4,1492332092,1,1492332092,0,0,0,0,0,0,0,0,'normal'),
(190,'BFS','求两个数的和','输入两个int型数','输出两个数的和','无提示',1000,134217728,'[3]',4,1492332092,1,1492332092,0,0,0,0,0,0,0,0,'normal'),
(191,'Yaoge的英语成绩','求两个数的和','输入两个int型数','输出两个数的和','无提示',1000,134217728,'[4]',4,1492332092,1,1492332092,0,0,0,0,0,0,0,0,'normal'),
(192,'最小值','求两个数的和','输入两个int型数','输出两个数的和','无提示',1000,134217728,'[4]',4,1492332092,1,1492332092,0,0,0,0,0,0,0,0,'normal'),
(193,'Yaoge和死循环','求两个数的和','输入两个int型数','输出两个数的和','无提示',1000,134217728,'[4]',4,1492332092,1,1492332092,0,0,0,0,0,0,0,0,'normal'),
(194,'树链','求两个数的和','输入两个int型数','输出两个数的和','无提示',1000,134217728,'[4]',4,1492332092,1,1492332092,0,0,0,0,0,0,0,0,'normal'),
(195,'A + B + C  Problem','求两个数的和','输入两个int型数','输出两个数的和','无提示',1000,134217728,'[4]',4,1492332092,1,1492332092,0,0,0,0,0,0,0,0,'normal'),
(196,'Bob的回文串3','求两个数的和','输入两个int型数','输出两个数的和','无提示',1000,134217728,'[5]',4,1492332092,1,1492332092,0,0,0,0,0,0,0,0,'normal'),
(197,'C语言大师的冒泡排序','求两个数的和','输入两个int型数','输出两个数的和','无提示',1000,134217728,'[5]',4,1492332092,1,1492332092,0,0,0,0,0,0,0,0,'normal'),
(198,'D序列','求两个数的和','输入两个int型数','输出两个数的和','无提示',1000,134217728,'[5]',4,1492332092,1,1492332092,0,0,0,0,0,0,0,0,'normal'),
(199,'组合数level0','求两个数的和','输入两个int型数','输出两个数的和','无提示',1000,134217728,'[5]',4,1492332092,1,1492332092,0,0,0,0,0,0,0,0,'normal'),
(200,'组合数level1','求两个数的和','输入两个int型数','输出两个数的和','无提示',1000,134217728,'[5]',4,1492332092,1,1492332092,0,0,0,0,0,0,0,0,'normal'),
(201,'组合数level2','求两个数的和','输入两个int型数','输出两个数的和','无提示',1000,134217728,'[6]',4,1492332092,1,1492332092,0,0,0,0,0,0,0,0,'normal'),
(202,'组合数level3','求两个数的和','输入两个int型数','输出两个数的和','无提示',1000,134217728,'[6]',4,1492332092,1,1492332092,0,0,0,0,0,0,0,0,'normal'),
(203,'组合数level4','求两个数的和','输入两个int型数','输出两个数的和','无提示',1000,134217728,'[6]',4,1492332092,1,1492332092,0,0,0,0,0,0,0,0,'normal'),
(204,'yaoge and xyiyy’s interesting game','求两个数的和','输入两个int型数','输出两个数的和','无提示',1000,134217728,'[6]',4,1492332092,1,1492332092,0,0,0,0,0,0,0,0,'normal'),
(205,'GCD of Intervals','求两个数的和','输入两个int型数','输出两个数的和','无提示',1000,134217728,'[6]',4,1492332092,1,1492332092,0,0,0,0,0,0,0,0,'normal'),
(206,'Fully Decending Sequence','求两个数的和','输入两个int型数','输出两个数的和','无提示',1000,134217728,'[7]',4,1492332092,1,1492332092,0,0,0,0,0,0,0,0,'normal'),
(207,'三角形','求两个数的和','输入两个int型数','输出两个数的和','无提示',1000,134217728,'[7]',4,1492332092,1,1492332092,0,0,0,0,0,0,0,0,'normal'),
(208,'Bitonic Sequence','求两个数的和','输入两个int型数','输出两个数的和','无提示',1000,134217728,'[7]',4,1492332092,1,1492332092,0,0,0,0,0,0,0,0,'normal'),
(209,'Xor on tree','求两个数的和','输入两个int型数','输出两个数的和','无提示',1000,134217728,'[7]',4,1492332092,1,1492332092,0,0,0,0,0,0,0,0,'normal'),
(210,'Infinite 3','求两个数的和','输入两个int型数','输出两个数的和','无提示',1000,134217728,'[7]',4,1492332092,1,1492332092,0,0,0,0,0,0,0,0,'normal'),
(211,'Apple Trees','求两个数的和','输入两个int型数','输出两个数的和','无提示',1000,134217728,'[1]',5,1492332092,1,1492332092,0,0,0,0,0,0,0,0,'normal'),
(212,'Odd Pairs','求两个数的和','输入两个int型数','输出两个数的和','无提示',1000,134217728,'[1]',5,1492332092,1,1492332092,0,0,0,0,0,0,0,0,'normal'),
(213,'Palindrome','求两个数的和','输入两个int型数','输出两个数的和','无提示',1000,134217728,'[1]',5,1492332092,1,1492332092,0,0,0,0,0,0,0,0,'normal'),
(214,'Dipsy loves flowers','求两个数的和','输入两个int型数','输出两个数的和','无提示',1000,134217728,'[1]',5,1492332092,1,1492332092,0,0,0,0,0,0,0,0,'normal'),
(215,'23333333','求两个数的和','输入两个int型数','输出两个数的和','无提示',1000,134217728,'[1]',5,1492332092,1,1492332092,0,0,0,0,0,0,0,0,'normal'),
(216,'Bobby’s Card Game','求两个数的和','输入两个int型数','输出两个数的和','无提示',1000,134217728,'[2]',5,1492332092,1,1492332092,0,0,0,0,0,0,0,0,'normal'),
(217,'Laa-Laa and Tetris','求两个数的和','输入两个int型数','输出两个数的和','无提示',1000,134217728,'[2]',5,1492332092,1,1492332092,0,0,0,0,0,0,0,0,'normal'),
(218,'帽子戏法','求两个数的和','输入两个int型数','输出两个数的和','无提示',1000,134217728,'[2]',5,1492332092,1,1492332092,0,0,0,0,0,0,0,0,'normal'),
(219,'虫虫和 77 的智商大比拼','求两个数的和','输入两个int型数','输出两个数的和','无提示',1000,134217728,'[2]',5,1492332092,1,1492332092,0,0,0,0,0,0,0,0,'normal'),
(220,'Water and Fire Maze','求两个数的和','输入两个int型数','输出两个数的和','无提示',1000,134217728,'[2]',5,1492332092,1,1492332092,0,0,0,0,0,0,0,0,'normal'),
(221,'A Simple Counting Problem','求两个数的和','输入两个int型数','输出两个数的和','无提示',1000,134217728,'[3]',5,1492332092,1,1492332092,0,0,0,0,0,0,0,0,'normal'),
(222,'Level Up!','求两个数的和','输入两个int型数','输出两个数的和','无提示',1000,134217728,'[3]',5,1492332092,1,1492332092,0,0,0,0,0,0,0,0,'normal'),
(223,'Fibonacci String','求两个数的和','输入两个int型数','输出两个数的和','无提示',1000,134217728,'[3]',5,1492332092,1,1492332092,0,0,0,0,0,0,0,0,'normal'),
(224,'Fast Transformation 1.0','求两个数的和','输入两个int型数','输出两个数的和','无提示',1000,134217728,'[3]',5,1492332092,1,1492332092,0,0,0,0,0,0,0,0,'normal'),
(225,'Fast Transformation 2.0','求两个数的和','输入两个int型数','输出两个数的和','无提示',1000,134217728,'[3]',5,1492332092,1,1492332092,0,0,0,0,0,0,0,0,'normal'),
(226,'Fast Transformation 3.0','求两个数的和','输入两个int型数','输出两个数的和','无提示',1000,134217728,'[4]',5,1492332092,1,1492332092,0,0,0,0,0,0,0,0,'normal'),
(227,'Fast Transformation 4.0','求两个数的和','输入两个int型数','输出两个数的和','无提示',1000,134217728,'[4]',5,1492332092,1,1492332092,0,0,0,0,0,0,0,0,'normal'),
(228,'超级进制转换','求两个数的和','输入两个int型数','输出两个数的和','无提示',1000,134217728,'[4]',5,1492332092,1,1492332092,0,0,0,0,0,0,0,0,'normal'),
(229,'Eat it up','求两个数的和','输入两个int型数','输出两个数的和','无提示',1000,134217728,'[4]',5,1492332092,1,1492332092,0,0,0,0,0,0,0,0,'normal'),
(230,'yaoge’s task','求两个数的和','输入两个int型数','输出两个数的和','无提示',1000,134217728,'[4]',5,1492332092,1,1492332092,0,0,0,0,0,0,0,0,'normal'),
(231,'鸡排销售查询系统','求两个数的和','输入两个int型数','输出两个数的和','无提示',1000,134217728,'[5]',5,1492332092,1,1492332092,0,0,0,0,0,0,0,0,'normal'),
(232,'鸡排销售查询系统','求两个数的和','输入两个int型数','输出两个数的和','无提示',1000,134217728,'[5]',5,1492332092,1,1492332092,0,0,0,0,0,0,0,0,'normal'),
(233,'鸡排销售查询系统','求两个数的和','输入两个int型数','输出两个数的和','无提示',1000,134217728,'[5]',5,1492332092,1,1492332092,0,0,0,0,0,0,0,0,'normal'),
(234,'A Simple Palindrome Problem','求两个数的和','输入两个int型数','输出两个数的和','无提示',1000,134217728,'[5]',5,1492332092,1,1492332092,0,0,0,0,0,0,0,0,'normal'),
(235,'Null & Zero','求两个数的和','输入两个int型数','输出两个数的和','无提示',1000,134217728,'[5]',5,1492332092,1,1492332092,0,0,0,0,0,0,0,0,'normal'),
(236,'Filling Grids','求两个数的和','输入两个int型数','输出两个数的和','无提示',1000,134217728,'[6]',5,1492332092,1,1492332092,0,0,0,0,0,0,0,0,'normal'),
(237,'Ticket Selling','求两个数的和','输入两个int型数','输出两个数的和','无提示',1000,134217728,'[6]',5,1492332092,1,1492332092,0,0,0,0,0,0,0,0,'normal'),
(238,'Group of OR','求两个数的和','输入两个int型数','输出两个数的和','无提示',1000,134217728,'[6]',5,1492332092,1,1492332092,0,0,0,0,0,0,0,0,'normal'),
(239,'Handsome yaoge','求两个数的和','输入两个int型数','输出两个数的和','无提示',1000,134217728,'[6]',5,1492332092,1,1492332092,0,0,0,0,0,0,0,0,'normal'),
(240,'Fibonacci数列','求两个数的和','输入两个int型数','输出两个数的和','无提示',1000,134217728,'[6]',5,1492332092,1,1492332092,0,0,0,0,0,0,0,0,'normal'),
(241,'方格涂色','求两个数的和','输入两个int型数','输出两个数的和','无提示',1000,134217728,'[7]',5,1492332092,1,1492332092,0,0,0,0,0,0,0,0,'normal'),
(242,'购物','求两个数的和','输入两个int型数','输出两个数的和','无提示',1000,134217728,'[7]',5,1492332092,1,1492332092,0,0,0,0,0,0,0,0,'normal'),
(243,'过河','求两个数的和','输入两个int型数','输出两个数的和','无提示',1000,134217728,'[7]',5,1492332092,1,1492332092,0,0,0,0,0,0,0,0,'normal'),
(244,'指示灯控制','求两个数的和','输入两个int型数','输出两个数的和','无提示',1000,134217728,'[7]',5,1492332092,1,1492332092,0,0,0,0,0,0,0,0,'normal'),
(245,'最少拦截系统','求两个数的和','输入两个int型数','输出两个数的和','无提示',1000,134217728,'[7]',5,1492332092,1,1492332092,0,0,0,0,0,0,0,0,'normal'),
(246,'活动时间','求两个数的和','输入两个int型数','输出两个数的和','无提示',1000,134217728,'[1]',2,1492332092,1,1492332092,0,0,0,0,0,0,0,0,'normal'),
(247,'整理电话号码','求两个数的和','输入两个int型数','输出两个数的和','无提示',1000,134217728,'[1]',2,1492332092,1,1492332092,0,0,0,0,0,0,0,0,'normal'),
(248,'复制书稿','求两个数的和','输入两个int型数','输出两个数的和','无提示',1000,134217728,'[1]',2,1492332092,1,1492332092,0,0,0,0,0,0,0,0,'normal'),
(249,'是否合法','求两个数的和','输入两个int型数','输出两个数的和','无提示',1000,134217728,'[1]',2,1492332092,1,1492332092,0,0,0,0,0,0,0,0,'normal'),
(250,'Alohamora','求两个数的和','输入两个int型数','输出两个数的和','无提示',1000,134217728,'[1]',2,1492332092,1,1492332092,0,0,0,0,0,0,0,0,'normal'),
(251,'Best Queue','求两个数的和','输入两个int型数','输出两个数的和','无提示',1000,134217728,'[2]',2,1492332092,1,1492332092,0,0,0,0,0,0,0,0,'normal'),
(252,'Code Geass','求两个数的和','输入两个int型数','输出两个数的和','无提示',1000,134217728,'[2]',2,1492332092,1,1492332092,0,0,0,0,0,0,0,0,'normal'),
(253,'Don’t Starve','求两个数的和','输入两个int型数','输出两个数的和','无提示',1000,134217728,'[2]',2,1492332092,1,1492332092,0,0,0,0,0,0,0,0,'normal'),
(254,'Even or Odd?','求两个数的和','输入两个int型数','输出两个数的和','无提示',1000,134217728,'[2]',2,1492332092,1,1492332092,0,0,0,0,0,0,0,0,'normal'),
(255,'Fantastic Palindromes','求两个数的和','输入两个int型数','输出两个数的和','无提示',1000,134217728,'[2]',2,1492332092,1,1492332092,0,0,0,0,0,0,0,0,'normal'),
(256,'Good 8','求两个数的和','输入两个int型数','输出两个数的和','无提示',1000,134217728,'[3]',2,1492332092,1,1492332092,0,0,0,0,0,0,0,0,'normal'),
(257,'High buildings','求两个数的和','输入两个int型数','输出两个数的和','无提示',1000,134217728,'[3]',2,1492332092,1,1492332092,0,0,0,0,0,0,0,0,'normal'),
(258,'Infinite loop','求两个数的和','输入两个int型数','输出两个数的和','无提示',1000,134217728,'[3]',2,1492332092,1,1492332092,0,0,0,0,0,0,0,0,'normal'),
(259,'Just a function','求两个数的和','输入两个int型数','输出两个数的和','无提示',1000,134217728,'[3]',2,1492332092,1,1492332092,0,0,0,0,0,0,0,0,'normal'),
(260,'Least Common Multiple','求两个数的和','输入两个int型数','输出两个数的和','无提示',1000,134217728,'[3]',2,1492332092,1,1492332092,0,0,0,0,0,0,0,0,'normal'),
(261,'Crypto Columns','求两个数的和','输入两个int型数','输出两个数的和','无提示',1000,134217728,'[4]',2,1492332092,1,1492332092,0,0,0,0,0,0,0,0,'normal'),
(262,'矩形覆盖','求两个数的和','输入两个int型数','输出两个数的和','无提示',1000,134217728,'[4]',2,1492332092,1,1492332092,0,0,0,0,0,0,0,0,'normal'),
(263,'选数','求两个数的和','输入两个int型数','输出两个数的和','无提示',1000,134217728,'[4]',2,1492332092,1,1492332092,0,0,0,0,0,0,0,0,'normal'),
(264,'产生数','求两个数的和','输入两个int型数','输出两个数的和','无提示',1000,134217728,'[4]',2,1492332092,1,1492332092,0,0,0,0,0,0,0,0,'normal'),
(265,'Granny’s Bike','求两个数的和','输入两个int型数','输出两个数的和','无提示',1000,134217728,'[4]',2,1492332092,1,1492332092,0,0,0,0,0,0,0,0,'normal'),
(266,'Decorations','求两个数的和','输入两个int型数','输出两个数的和','无提示',1000,134217728,'[5]',2,1492332092,1,1492332092,0,0,0,0,0,0,0,0,'normal'),
(267,'EKG Sequence','求两个数的和','输入两个int型数','输出两个数的和','无提示',1000,134217728,'[5]',2,1492332092,1,1492332092,0,0,0,0,0,0,0,0,'normal'),
(268,'Phone Home','求两个数的和','输入两个int型数','输出两个数的和','无提示',1000,134217728,'[5]',2,1492332092,1,1492332092,0,0,0,0,0,0,0,0,'normal'),
(269,'采药','求两个数的和','输入两个int型数','输出两个数的和','无提示',1000,134217728,'[5]',2,1492332092,1,1492332092,0,0,0,0,0,0,0,0,'normal'),
(270,'津津的储蓄计划','求两个数的和','输入两个int型数','输出两个数的和','无提示',1000,134217728,'[5]',2,1492332092,1,1492332092,0,0,0,0,0,0,0,0,'normal'),
(271,'循环','求两个数的和','输入两个int型数','输出两个数的和','无提示',1000,134217728,'[6]',2,1492332092,1,1492332092,0,0,0,0,0,0,0,0,'normal'),
(272,'XX和YY的2的N次方','求两个数的和','输入两个int型数','输出两个数的和','无提示',1000,134217728,'[6]',2,1492332092,1,1492332092,0,0,0,0,0,0,0,0,'normal'),
(273,'XX和YY的新朋友','求两个数的和','输入两个int型数','输出两个数的和','无提示',1000,134217728,'[6]',2,1492332092,1,1492332092,0,0,0,0,0,0,0,0,'normal'),
(274,'XX和YY的余弦定理','求两个数的和','输入两个int型数','输出两个数的和','无提示',1000,134217728,'[6]',2,1492332092,1,1492332092,0,0,0,0,0,0,0,0,'normal'),
(275,'XX和YY的图书馆','求两个数的和','输入两个int型数','输出两个数的和','无提示',1000,134217728,'[6]',2,1492332092,1,1492332092,0,0,0,0,0,0,0,0,'normal'),
(276,'XX和YY的游戏','求两个数的和','输入两个int型数','输出两个数的和','无提示',1000,134217728,'[7]',2,1492332092,1,1492332092,0,0,0,0,0,0,0,0,'normal'),
(277,'XX和YY的花坛','求两个数的和','输入两个int型数','输出两个数的和','无提示',1000,134217728,'[7]',2,1492332092,1,1492332092,0,0,0,0,0,0,0,0,'normal'),
(278,'XX和YY的XY币','求两个数的和','输入两个int型数','输出两个数的和','无提示',1000,134217728,'[7]',2,1492332092,1,1492332092,0,0,0,0,0,0,0,0,'normal'),
(279,'XX和YY的巧克力','求两个数的和','输入两个int型数','输出两个数的和','无提示',1000,134217728,'[7]',2,1492332092,1,1492332092,0,0,0,0,0,0,0,0,'normal'),
(280,'XX和YY的旅游计划','求两个数的和','输入两个int型数','输出两个数的和','无提示',1000,134217728,'[7]',2,1492332092,1,1492332092,0,0,0,0,0,0,0,0,'normal'),
(281,'XX和YY的学生证','求两个数的和','输入两个int型数','输出两个数的和','无提示',1000,134217728,'[1]',3,1492332092,1,1492332092,0,0,0,0,0,0,0,0,'normal'),
(282,'XX和YY的研讨课','求两个数的和','输入两个int型数','输出两个数的和','无提示',1000,134217728,'[1]',3,1492332092,1,1492332092,0,0,0,0,0,0,0,0,'normal'),
(283,'FBI树','求两个数的和','输入两个int型数','输出两个数的和','无提示',1000,134217728,'[1]',3,1492332092,1,1492332092,0,0,0,0,0,0,0,0,'normal'),
(284,'Printer Queue','求两个数的和','输入两个int型数','输出两个数的和','无提示',1000,134217728,'[1]',3,1492332092,1,1492332092,0,0,0,0,0,0,0,0,'normal'),
(285,'Prime Path','求两个数的和','输入两个int型数','输出两个数的和','无提示',1000,134217728,'[1]',3,1492332092,1,1492332092,0,0,0,0,0,0,0,0,'normal'),
(286,'Lineland','求两个数的和','输入两个int型数','输出两个数的和','无提示',1000,134217728,'[2]',3,1492332092,1,1492332092,0,0,0,0,0,0,0,0,'normal'),
(287,'Leonardo’s Notebook','求两个数的和','输入两个int型数','输出两个数的和','无提示',1000,134217728,'[2]',3,1492332092,1,1492332092,0,0,0,0,0,0,0,0,'normal'),
(288,'合唱队形','求两个数的和','输入两个int型数','输出两个数的和','无提示',1000,134217728,'[2]',3,1492332092,1,1492332092,0,0,0,0,0,0,0,0,'normal'),
(289,'折纸的厚度','求两个数的和','输入两个int型数','输出两个数的和','无提示',1000,134217728,'[2]',3,1492332092,1,1492332092,0,0,0,0,0,0,0,0,'normal'),
(290,'删除一系列数据中的重复数据','求两个数的和','输入两个int型数','输出两个数的和','无提示',1000,134217728,'[2]',3,1492332092,1,1492332092,0,0,0,0,0,0,0,0,'normal'),
(291,'阶乘尾部0的个数','求两个数的和','输入两个int型数','输出两个数的和','无提示',1000,134217728,'[3]',3,1492332092,1,1492332092,0,0,0,0,0,0,0,0,'normal'),
(292,'判断算式的正确性','求两个数的和','输入两个int型数','输出两个数的和','无提示',1000,134217728,'[3]',3,1492332092,1,1492332092,0,0,0,0,0,0,0,0,'normal'),
(293,'求给定的n个实数中的最大值','求两个数的和','输入两个int型数','输出两个数的和','无提示',1000,134217728,'[3]',3,1492332092,1,1492332092,0,0,0,0,0,0,0,0,'normal'),
(294,'计算若干个整数的和','求两个数的和','输入两个int型数','输出两个数的和','无提示',1000,134217728,'[3]',3,1492332092,1,1492332092,0,0,0,0,0,0,0,0,'normal'),
(295,'判断回文串','求两个数的和','输入两个int型数','输出两个数的和','无提示',1000,134217728,'[3]',3,1492332092,1,1492332092,0,0,0,0,0,0,0,0,'normal'),
(296,'Super Even Palindrome String','求两个数的和','输入两个int型数','输出两个数的和','无提示',1000,134217728,'[4]',3,1492332092,1,1492332092,0,0,0,0,0,0,0,0,'normal'),
(297,'The Last Supper of FFF Group','求两个数的和','输入两个int型数','输出两个数的和','无提示',1000,134217728,'[4]',3,1492332092,1,1492332092,0,0,0,0,0,0,0,0,'normal'),
(298,'Hunger Games','求两个数的和','输入两个int型数','输出两个数的和','无提示',1000,134217728,'[4]',3,1492332092,1,1492332092,0,0,0,0,0,0,0,0,'normal'),
(299,'Shadow of the Building','求两个数的和','输入两个int型数','输出两个数的和','无提示',1000,134217728,'[4]',3,1492332092,1,1492332092,0,0,0,0,0,0,0,0,'normal'),
(300,'The Area of Pan-Chi','求两个数的和','输入两个int型数','输出两个数的和','无提示',1000,134217728,'[4]',3,1492332092,1,1492332092,0,0,0,0,0,0,0,0,'normal'),
(301,'Demon Fish in Pan-Chi','求两个数的和','输入两个int型数','输出两个数的和','无提示',1000,134217728,'[5]',3,1492332092,1,1492332092,0,0,0,0,0,0,0,0,'normal'),
(302,'Crazy Overwatch Boxes','求两个数的和','输入两个int型数','输出两个数的和','无提示',1000,134217728,'[5]',3,1492332092,1,1492332092,0,0,0,0,0,0,0,0,'normal'),
(303,'CES Study Groups','求两个数的和','输入两个int型数','输出两个数的和','无提示',1000,134217728,'[5]',3,1492332092,1,1492332092,0,0,0,0,0,0,0,0,'normal'),
(304,'Grids Counting','求两个数的和','输入两个int型数','输出两个数的和','无提示',1000,134217728,'[5]',3,1492332092,1,1492332092,0,0,0,0,0,0,0,0,'normal'),
(305,'Courses of CES','求两个数的和','输入两个int型数','输出两个数的和','无提示',1000,134217728,'[5]',3,1492332092,1,1492332092,0,0,0,0,0,0,0,0,'normal'),
(306,'Computer Science Progresses','求两个数的和','输入两个int型数','输出两个数的和','无提示',1000,134217728,'[6]',3,1492332092,1,1492332092,0,0,0,0,0,0,0,0,'normal'),
(307,'Balls Counting','求两个数的和','输入两个int型数','输出两个数的和','无提示',1000,134217728,'[6]',3,1492332092,1,1492332092,0,0,0,0,0,0,0,0,'normal'),
(308,'Steam Summer Sales','求两个数的和','输入两个int型数','输出两个数的和','无提示',1000,134217728,'[6]',3,1492332092,1,1492332092,0,0,0,0,0,0,0,0,'normal'),
(309,'Jazz_Charles的Dog数列','求两个数的和','输入两个int型数','输出两个数的和','无提示',1000,134217728,'[6]',3,1492332092,1,1492332092,0,0,0,0,0,0,0,0,'normal'),
(310,'Fibonotci（数据来不及做了）','求两个数的和','输入两个int型数','输出两个数的和','无提示',1000,134217728,'[6]',3,1492332092,1,1492332092,0,0,0,0,0,0,0,0,'normal'),
(311,'Multipliers','求两个数的和','输入两个int型数','输出两个数的和','无提示',1000,134217728,'[7]',3,1492332092,1,1492332092,0,0,0,0,0,0,0,0,'normal'),
(312,'Number Busters','求两个数的和','输入两个int型数','输出两个数的和','无提示',1000,134217728,'[7]',3,1492332092,1,1492332092,0,0,0,0,0,0,0,0,'normal'),
(313,'升降序列','求两个数的和','输入两个int型数','输出两个数的和','无提示',1000,134217728,'[7]',3,1492332092,1,1492332092,0,0,0,0,0,0,0,0,'normal'),
(314,'Cows and Cars','求两个数的和','输入两个int型数','输出两个数的和','无提示',1000,134217728,'[7]',3,1492332092,1,1492332092,0,0,0,0,0,0,0,0,'normal'),
(315,'删数游戏','求两个数的和','输入两个int型数','输出两个数的和','无提示',1000,134217728,'[7]',3,1492332092,1,1492332092,0,0,0,0,0,0,0,0,'normal'),
(316,'五子棋','求两个数的和','输入两个int型数','输出两个数的和','无提示',1000,134217728,'[1]',4,1492332092,1,1492332092,0,0,0,0,0,0,0,0,'normal'),
(317,'整数匹配','求两个数的和','输入两个int型数','输出两个数的和','无提示',1000,134217728,'[1]',4,1492332092,1,1492332092,0,0,0,0,0,0,0,0,'normal'),
(318,'多边形游戏','求两个数的和','输入两个int型数','输出两个数的和','无提示',1000,134217728,'[1]',4,1492332092,1,1492332092,0,0,0,0,0,0,0,0,'normal'),
(319,'Time Bomb','求两个数的和','输入两个int型数','输出两个数的和','无提示',1000,134217728,'[1]',4,1492332092,1,1492332092,0,0,0,0,0,0,0,0,'normal'),
(320,'转换三值逻辑运算真值表','求两个数的和','输入两个int型数','输出两个数的和','无提示',1000,134217728,'[1]',4,1492332092,1,1492332092,0,0,0,0,0,0,0,0,'normal'),
(321,'k-子串问题','求两个数的和','输入两个int型数','输出两个数的和','无提示',1000,134217728,'[2]',4,1492332092,1,1492332092,0,0,0,0,0,0,0,0,'normal'),
(322,'麻将','求两个数的和','输入两个int型数','输出两个数的和','无提示',1000,134217728,'[2]',4,1492332092,1,1492332092,0,0,0,0,0,0,0,0,'normal'),
(323,'城市','求两个数的和','输入两个int型数','输出两个数的和','无提示',1000,134217728,'[2]',4,1492332092,1,1492332092,0,0,0,0,0,0,0,0,'normal'),
(324,'k的倍数','求两个数的和','输入两个int型数','输出两个数的和','无提示',1000,134217728,'[2]',4,1492332092,1,1492332092,0,0,0,0,0,0,0,0,'normal'),
(325,'The Seat is taken','求两个数的和','输入两个int型数','输出两个数的和','无提示',1000,134217728,'[2]',4,1492332092,1,1492332092,0,0,0,0,0,0,0,0,'normal'),
(326,'商品','求两个数的和','输入两个int型数','输出两个数的和','无提示',1000,134217728,'[3]',4,1492332092,1,1492332092,0,0,0,0,0,0,0,0,'normal'),
(327,'RGB填色','求两个数的和','输入两个int型数','输出两个数的和','无提示',1000,134217728,'[3]',4,1492332092,1,1492332092,0,0,0,0,0,0,0,0,'normal'),
(328,'电子数字','求两个数的和','输入两个int型数','输出两个数的和','无提示',1000,134217728,'[3]',4,1492332092,1,1492332092,0,0,0,0,0,0,0,0,'normal'),
(329,'attack!','求两个数的和','输入两个int型数','输出两个数的和','无提示',1000,134217728,'[3]',4,1492332092,1,1492332092,0,0,0,0,0,0,0,0,'normal'),
(330,'Where to sit down','求两个数的和','输入两个int型数','输出两个数的和','无提示',1000,134217728,'[3]',4,1492332092,1,1492332092,0,0,0,0,0,0,0,0,'normal'),
(331,'生日蛋糕','求两个数的和','输入两个int型数','输出两个数的和','无提示',1000,134217728,'[4]',4,1492332092,1,1492332092,0,0,0,0,0,0,0,0,'normal'),
(332,'Campus Tour','求两个数的和','输入两个int型数','输出两个数的和','无提示',1000,134217728,'[4]',4,1492332092,1,1492332092,0,0,0,0,0,0,0,0,'normal'),
(333,'24 Points','求两个数的和','输入两个int型数','输出两个数的和','无提示',1000,134217728,'[4]',4,1492332092,1,1492332092,0,0,0,0,0,0,0,0,'normal'),
(334,'Filling Dominoes','求两个数的和','输入两个int型数','输出两个数的和','无提示',1000,134217728,'[4]',4,1492332092,1,1492332092,0,0,0,0,0,0,0,0,'normal'),
(335,'一道简单题','求两个数的和','输入两个int型数','输出两个数的和','无提示',1000,134217728,'[4]',4,1492332092,1,1492332092,0,0,0,0,0,0,0,0,'normal'),
(336,'究竟有多二','求两个数的和','输入两个int型数','输出两个数的和','无提示',1000,134217728,'[5]',4,1492332092,1,1492332092,0,0,0,0,0,0,0,0,'normal'),
(337,'最小编码','求两个数的和','输入两个int型数','输出两个数的和','无提示',1000,134217728,'[5]',4,1492332092,1,1492332092,0,0,0,0,0,0,0,0,'normal'),
(338,'剁手双十一节','求两个数的和','输入两个int型数','输出两个数的和','无提示',1000,134217728,'[5]',4,1492332092,1,1492332092,0,0,0,0,0,0,0,0,'normal'),
(339,'Dishonest Online Store','求两个数的和','输入两个int型数','输出两个数的和','无提示',1000,134217728,'[5]',4,1492332092,1,1492332092,0,0,0,0,0,0,0,0,'normal'),
(340,'出现次数最多的整数','求两个数的和','输入两个int型数','输出两个数的和','无提示',1000,134217728,'[5]',4,1492332092,1,1492332092,0,0,0,0,0,0,0,0,'normal'),
(341,'重合的爆竹声','求两个数的和','输入两个int型数','输出两个数的和','无提示',1000,134217728,'[5]',4,1492332092,1,1492332092,0,0,0,0,0,0,0,0,'normal'),
(342,'Draw OOs to Curse You','求两个数的和','输入两个int型数','输出两个数的和','无提示',1000,134217728,'[6]',4,1492332092,1,1492332092,0,0,0,0,0,0,0,0,'normal'),
(343,'再来一道简单题','求两个数的和','输入两个int型数','输出两个数的和','无提示',1000,134217728,'[6]',4,1492332092,1,1492332092,0,0,0,0,0,0,0,0,'normal'),
(344,'字母图形','求两个数的和','输入两个int型数','输出两个数的和','无提示',1000,134217728,'[6]',4,1492332092,1,1492332092,0,0,0,0,0,0,0,0,'normal'),
(345,'English Final Exam','求两个数的和','输入两个int型数','输出两个数的和','无提示',1000,134217728,'[6]',4,1492332092,1,1492332092,0,0,0,0,0,0,0,0,'normal'),
(346,'新建 Microsoft Office Word 文档','求两个数的和','输入两个int型数','输出两个数的和','无提示',1000,134217728,'[6]',4,1492332092,1,1492332092,0,0,0,0,0,0,0,0,'normal'),
(347,'最大乘积','求两个数的和','输入两个int型数','输出两个数的和','无提示',1000,134217728,'[6]',4,1492332092,1,1492332092,0,0,0,0,0,0,0,0,'normal'),
(348,'青年节舞会','求两个数的和','输入两个int型数','输出两个数的和','无提示',1000,134217728,'[7]',4,1492332092,1,1492332092,0,0,0,0,0,0,0,0,'normal'),
(349,'男女混合双打','求两个数的和','输入两个int型数','输出两个数的和','无提示',1000,134217728,'[7]',4,1492332092,1,1492332092,0,0,0,0,0,0,0,0,'normal'),
(350,'Coins Redistribution','求两个数的和','输入两个int型数','输出两个数的和','无提示',1000,134217728,'[7]',4,1492332092,1,1492332092,0,0,0,0,0,0,0,0,'normal'),
(351,'新兔子数列','求两个数的和','输入两个int型数','输出两个数的和','无提示',1000,134217728,'[7]',4,1492332092,1,1492332092,0,0,0,0,0,0,0,0,'normal'),
(352,'选数游戏','求两个数的和','输入两个int型数','输出两个数的和','无提示',1000,134217728,'[7]',4,1492332092,1,1492332092,0,0,0,0,0,0,0,0,'normal'),
(353,'2117','求两个数的和','输入两个int型数','输出两个数的和','无提示',1000,134217728,'[1]',5,1492332092,1,1492332092,0,0,0,0,0,0,0,0,'normal'),
(354,'整数拼接','求两个数的和','输入两个int型数','输出两个数的和','无提示',1000,134217728,'[1]',5,1492332092,1,1492332092,0,0,0,0,0,0,0,0,'normal'),
(355,'加法运算表','求两个数的和','输入两个int型数','输出两个数的和','无提示',1000,134217728,'[1]',5,1492332092,1,1492332092,0,0,0,0,0,0,0,0,'normal'),
(356,'车站','求两个数的和','输入两个int型数','输出两个数的和','无提示',1000,134217728,'[1]',5,1492332092,1,1492332092,0,0,0,0,0,0,0,0,'normal'),
(357,'csl买苹果','求两个数的和','输入两个int型数','输出两个数的和','无提示',1000,134217728,'[1]',5,1492332092,1,1492332092,0,0,0,0,0,0,0,0,'normal'),
(358,'csl HATE','求两个数的和','输入两个int型数','输出两个数的和','无提示',1000,134217728,'[2]',5,1492332092,1,1492332092,0,0,0,0,0,0,0,0,'normal'),
(359,'会拆数','求两个数的和','输入两个int型数','输出两个数的和','无提示',1000,134217728,'[2]',5,1492332092,1,1492332092,0,0,0,0,0,0,0,0,'normal'),
(360,'XX和YY的一堆数字','求两个数的和','输入两个int型数','输出两个数的和','无提示',1000,134217728,'[2]',5,1492332092,1,1492332092,0,0,0,0,0,0,0,0,'normal'),
(361,'水题','求两个数的和','输入两个int型数','输出两个数的和','无提示',1000,134217728,'[2]',5,1492332092,1,1492332092,0,0,0,0,0,0,0,0,'normal'),
(362,'Tickets','求两个数的和','输入两个int型数','输出两个数的和','无提示',1000,134217728,'[2]',5,1492332092,1,1492332092,0,0,0,0,0,0,0,0,'normal'),
(363,'青蛙的约会','求两个数的和','输入两个int型数','输出两个数的和','无提示',1000,134217728,'[3]',5,1492332092,1,1492332092,0,0,0,0,0,0,0,0,'normal'),
(364,'移数字游戏','求两个数的和','输入两个int型数','输出两个数的和','无提示',1000,134217728,'[3]',5,1492332092,1,1492332092,0,0,0,0,0,0,0,0,'normal'),
(365,'开关灯游戏','求两个数的和','输入两个int型数','输出两个数的和','无提示',1000,134217728,'[3]',5,1492332092,1,1492332092,0,0,0,0,0,0,0,0,'normal'),
(366,'方格填色2','求两个数的和','输入两个int型数','输出两个数的和','无提示',1000,134217728,'[3]',5,1492332092,1,1492332092,0,0,0,0,0,0,0,0,'normal'),
(367,'csl的填数游戏','求两个数的和','输入两个int型数','输出两个数的和','无提示',1000,134217728,'[3]',5,1492332092,1,1492332092,0,0,0,0,0,0,0,0,'normal'),
(368,'csl的签到题','求两个数的和','输入两个int型数','输出两个数的和','无提示',1000,134217728,'[4]',5,1492332092,1,1492332092,0,0,0,0,0,0,0,0,'normal'),
(369,'csl写OJ','求两个数的和','输入两个int型数','输出两个数的和','无提示',1000,134217728,'[4]',5,1492332092,1,1492332092,0,0,0,0,0,0,0,0,'normal'),
(370,'csl和喵神的困惑','求两个数的和','输入两个int型数','输出两个数的和','无提示',1000,134217728,'[4]',5,1492332092,1,1492332092,0,0,0,0,0,0,0,0,'normal'),
(371,'csl的简单数学题','求两个数的和','输入两个int型数','输出两个数的和','无提示',1000,134217728,'[4]',5,1492332092,1,1492332092,0,0,0,0,0,0,0,0,'normal'),
(372,'csl的字符诱惑','求两个数的和','输入两个int型数','输出两个数的和','无提示',1000,134217728,'[4]',5,1492332092,1,1492332092,0,0,0,0,0,0,0,0,'normal'),
(373,'csl的萌妹数','求两个数的和','输入两个int型数','输出两个数的和','无提示',1000,134217728,'[5]',5,1492332092,1,1492332092,0,0,0,0,0,0,0,0,'normal'),
(374,'csl的ACM之路','求两个数的和','输入两个int型数','输出两个数的和','无提示',1000,134217728,'[5]',5,1492332092,1,1492332092,0,0,0,0,0,0,0,0,'normal'),
(375,'csl不小气','求两个数的和','输入两个int型数','输出两个数的和','无提示',1000,134217728,'[5]',5,1492332092,1,1492332092,0,0,0,0,0,0,0,0,'normal'),
(376,'Candy装袋','求两个数的和','输入两个int型数','输出两个数的和','无提示',1000,134217728,'[5]',5,1492332092,1,1492332092,0,0,0,0,0,0,0,0,'normal'),
(377,'Bachelor排序','求两个数的和','输入两个int型数','输出两个数的和','无提示',1000,134217728,'[5]',5,1492332092,1,1492332092,0,0,0,0,0,0,0,0,'normal'),
(378,'Acm空间','求两个数的和','输入两个int型数','输出两个数的和','无提示',1000,134217728,'[6]',5,1492332092,1,1492332092,0,0,0,0,0,0,0,0,'normal'),
(379,'csl乘地铁','求两个数的和','输入两个int型数','输出两个数的和','无提示',1000,134217728,'[6]',5,1492332092,1,1492332092,0,0,0,0,0,0,0,0,'normal'),
(380,'翻纸牌游戏','求两个数的和','输入两个int型数','输出两个数的和','无提示',1000,134217728,'[6]',5,1492332092,1,1492332092,0,0,0,0,0,0,0,0,'normal'),
(381,'Wooden Sticks','求两个数的和','输入两个int型数','输出两个数的和','无提示',1000,134217728,'[6]',5,1492332092,1,1492332092,0,0,0,0,0,0,0,0,'normal'),
(382,'Crossing River','求两个数的和','输入两个int型数','输出两个数的和','无提示',1000,134217728,'[6]',5,1492332092,1,1492332092,0,0,0,0,0,0,0,0,'normal'),
(383,'csl的帽色判定','求两个数的和','输入两个int型数','输出两个数的和','无提示',1000,134217728,'[7]',5,1492332092,1,1492332092,0,0,0,0,0,0,0,0,'normal'),
(384,'纸币','求两个数的和','输入两个int型数','输出两个数的和','无提示',1000,134217728,'[7]',5,1492332092,1,1492332092,0,0,0,0,0,0,0,0,'normal'),
(385,'只出现一次的字符','求两个数的和','输入两个int型数','输出两个数的和','无提示',1000,134217728,'[7]',5,1492332092,1,1492332092,0,0,0,0,0,0,0,0,'normal'),
(386,'csl的暴走','求两个数的和','输入两个int型数','输出两个数的和','无提示',1000,134217728,'[7]',5,1492332092,1,1492332092,0,0,0,0,0,0,0,0,'normal'),
(387,'csl的报复','求两个数的和','输入两个int型数','输出两个数的和','无提示',1000,134217728,'[7]',5,1492332092,1,1492332092,0,0,0,0,0,0,0,0,'normal'),
(388,'csl的xyz跑了','求两个数的和','输入两个int型数','输出两个数的和','无提示',1000,134217728,'[1,2]',1,1492332092,1,1492332092,0,0,0,0,0,0,0,0,'normal'),
(389,'csl的白日梦','求两个数的和','输入两个int型数','输出两个数的和','无提示',1000,134217728,'[1,2]',2,1492332092,1,1492332092,0,0,0,0,0,0,0,0,'normal'),
(390,'csl被拐走了！','求两个数的和','输入两个int型数','输出两个数的和','无提示',1000,134217728,'[1,2]',3,1492332092,1,1492332092,0,0,0,0,0,0,0,0,'normal'),
(391,'可能是最裸的最短路','求两个数的和','输入两个int型数','输出两个数的和','无提示',1000,134217728,'[1,2]',4,1492332092,1,1492332092,0,0,0,0,0,0,0,0,'normal'),
(392,'黑白图像直方图','求两个数的和','输入两个int型数','输出两个数的和','无提示',1000,134217728,'[1,2]',5,1492332092,1,1492332092,0,0,0,0,0,0,0,0,'normal'),
(393,'神无月排位赛','求两个数的和','输入两个int型数','输出两个数的和','无提示',1000,134217728,'[1,2,3]',1,1492332092,1,1492332092,0,0,0,0,0,0,0,0,'normal'),
(394,'I Love ces','求两个数的和','输入两个int型数','输出两个数的和','无提示',1000,134217728,'[1,2,3]',2,1492332092,1,1492332092,0,0,0,0,0,0,0,0,'normal'),
(395,'添加好友','求两个数的和','输入两个int型数','输出两个数的和','无提示',1000,134217728,'[1,2,3]',3,1492332092,1,1492332092,0,0,0,0,0,0,0,0,'normal'),
(396,'字符串进制转换','求两个数的和','输入两个int型数','输出两个数的和','无提示',1000,134217728,'[1,2,3]',4,1492332092,1,1492332092,0,0,0,0,0,0,0,0,'normal'),
(397,'A序列','求两个数的和','输入两个int型数','输出两个数的和','无提示',1000,134217728,'[1,2,3]',5,1492332092,1,1492332092,0,0,0,0,0,0,0,0,'normal'),
(398,'战斗','求两个数的和','输入两个int型数','输出两个数的和','无提示',1000,134217728,'[1,4]',1,1492332092,1,1492332092,0,0,0,0,0,0,0,0,'normal'),
(399,'调和序列','求两个数的和','输入两个int型数','输出两个数的和','无提示',1000,134217728,'[1,2,4]',2,1492332092,1,1492332092,0,0,0,0,0,0,0,0,'normal'),
(400,'丢史蒂芬妮','求两个数的和','输入两个int型数','输出两个数的和','无提示',1000,134217728,'[1,2,4]',3,1492332092,1,1492332092,0,0,0,0,0,0,0,0,'normal'),
(401,'膜一下将带给你好运','求两个数的和','输入两个int型数','输出两个数的和','无提示',1000,134217728,'[1,2,4]',4,1492332092,1,1492332092,0,0,0,0,0,0,0,0,'normal'),
(402,'购买装备','求两个数的和','输入两个int型数','输出两个数的和','无提示',1000,134217728,'[1,2,4]',5,1492332092,1,1492332092,0,0,0,0,0,0,0,0,'normal'),
(403,'零件组装','求两个数的和','输入两个int型数','输出两个数的和','无提示',1000,134217728,'[1,2,5]',1,1492332092,1,1492332092,0,0,0,0,0,0,0,0,'normal'),
(404,'风力观测','求两个数的和','输入两个int型数','输出两个数的和','无提示',1000,134217728,'[1,2,5]',2,1492332092,1,1492332092,0,0,0,0,0,0,0,0,'normal'),
(405,'密码破解','求两个数的和','输入两个int型数','输出两个数的和','无提示',1000,134217728,'[1,2,5]',3,1492332092,1,1492332092,0,0,0,0,0,0,0,0,'normal'),
(406,'随机传送迷宫','求两个数的和','输入两个int型数','输出两个数的和','无提示',1000,134217728,'[1,2,5]',4,1492332092,1,1492332092,0,0,0,0,0,0,0,0,'normal'),
(407,'异或','求两个数的和','输入两个int型数','输出两个数的和','无提示',1000,134217728,'[1,2,5]',5,1492332092,1,1492332092,0,0,0,0,0,0,0,0,'normal'),
(408,'膜两下将会让你送命','求两个数的和','输入两个int型数','输出两个数的和','无提示',1000,134217728,'[1,2,6]',1,1492332092,1,1492332092,0,0,0,0,0,0,0,0,'normal'),
(409,'csl的字符诱惑2','求两个数的和','输入两个int型数','输出两个数的和','无提示',1000,134217728,'[1,2,6]',2,1492332092,1,1492332092,0,0,0,0,0,0,0,0,'normal'),
(410,'csl的字符诱惑3','求两个数的和','输入两个int型数','输出两个数的和','无提示',1000,134217728,'[1,2,6]',3,1492332092,1,1492332092,0,0,0,0,0,0,0,0,'normal'),
(411,'csl的字符诱惑4','求两个数的和','输入两个int型数','输出两个数的和','无提示',1000,134217728,'[1,2,6]',4,1492332092,1,1492332092,0,0,0,0,0,0,0,0,'normal'),
(412,'最小调整代价','求两个数的和','输入两个int型数','输出两个数的和','无提示',1000,134217728,'[1,2,6]',5,1492332092,1,1492332092,0,0,0,0,0,0,0,0,'normal'),
(413,'跳跃游戏','求两个数的和','输入两个int型数','输出两个数的和','无提示',1000,134217728,'[1,2,6]',1,1492332092,1,1492332092,0,0,0,0,0,0,0,0,'normal'),
(414,'最长公共子串(小数据)','求两个数的和','输入两个int型数','输出两个数的和','无提示',1000,134217728,'[1,2,7]',2,1492332092,1,1492332092,0,0,0,0,0,0,0,0,'normal'),
(415,'最长公共子串(大数据)','求两个数的和','输入两个int型数','输出两个数的和','无提示',1000,134217728,'[1,2,7]',3,1492332092,1,1492332092,0,0,0,0,0,0,0,0,'normal'),
(416,'滑动窗口的最大值','求两个数的和','输入两个int型数','输出两个数的和','无提示',1000,134217728,'[1,2,7]',4,1492332092,1,1492332092,0,0,0,0,0,0,0,0,'normal'),
(417,'多边形面积','求两个数的和','输入两个int型数','输出两个数的和','无提示',1000,134217728,'[1,2,7]',5,1492332092,1,1492332092,0,0,0,0,0,0,0,0,'normal'),
(418,'线段与多边形是否相交','求两个数的和','输入两个int型数','输出两个数的和','无提示',1000,134217728,'[1,2,7]',1,1492332092,1,1492332092,0,0,0,0,0,0,0,0,'normal'),
(419,'Visible Trees','求两个数的和','输入两个int型数','输出两个数的和','无提示',1000,134217728,'[1,2,7]',2,1492332092,1,1492332092,0,0,0,0,0,0,0,0,'normal'),
(420,'大学校区形状','求两个数的和','输入两个int型数','输出两个数的和','无提示',1000,134217728,'[1,2,7]',3,1492332092,1,1492332092,0,0,0,0,0,0,0,0,'normal'),
(421,'多边形整点','求两个数的和','输入两个int型数','输出两个数的和','无提示',1000,134217728,'[2,4]',4,1492332092,1,1492332092,0,0,0,0,0,0,0,0,'normal'),
(422,'csl的幺蛾子','求两个数的和','输入两个int型数','输出两个数的和','无提示',1000,134217728,'[1]',1,1492332092,1,1492332092,0,0,0,0,0,0,0,0,'normal'),
(423,'求n!的位数','求两个数的和','输入两个int型数','输出两个数的和','无提示',1000,134217728,'[1]',2,1492332092,1,1492332092,0,0,0,0,0,0,0,0,'normal'),
(424,'最接近的三数之和','求两个数的和','输入两个int型数','输出两个数的和','无提示',1000,134217728,'[1]',3,1492332092,1,1492332092,0,0,0,0,0,0,0,0,'normal'),
(425,'谁是神射手？','求两个数的和','输入两个int型数','输出两个数的和','无提示',1000,134217728,'[1]',4,1492332092,1,1492332092,0,0,0,0,0,0,0,0,'normal'),
(426,'最大矩形','求两个数的和','输入两个int型数','输出两个数的和','无提示',1000,134217728,'[1]',5,1492332092,1,1492332092,0,0,0,0,0,0,0,0,'normal'),
(427,'Leftmost Digit','求两个数的和','输入两个int型数','输出两个数的和','无提示',1000,134217728,'[2,4]',1,1492332092,1,1492332092,0,0,0,0,0,0,0,0,'normal'),
(428,'兔子数列','求两个数的和','输入两个int型数','输出两个数的和','无提示',1000,134217728,'[3,5]',2,1492332092,1,1492332092,0,0,0,0,0,0,0,0,'normal'),
(429,'数列计算','求两个数的和','输入两个int型数','输出两个数的和','无提示',1000,134217728,'[4,6]',3,1492332092,1,1492332092,0,0,0,0,0,0,0,0,'normal'),
(430,'置换的分解','求两个数的和','输入两个int型数','输出两个数的和','无提示',1000,134217728,'[3,7]',4,1492332092,1,1492332092,0,0,0,0,0,0,0,0,'normal'),
(431,'A+B Problem','求两个数的和','输入两个int型数','输出两个数的和','无提示',1000,134217728,'[1]',5,1492332092,1,1492332092,0,0,0,0,0,0,0,0,'normal'),
(432,'After EC-Final','求两个数的和','输入两个int型数','输出两个数的和','无提示',1000,134217728,'[2]',1,1492332092,1,1492332092,0,0,0,0,0,0,0,0,'normal'),
(433,'Counting Star','求两个数的和','输入两个int型数','输出两个数的和','无提示',1000,134217728,'[3]',2,1492332092,1,1492332092,0,0,0,0,0,0,0,0,'normal'),
(434,'CSL’s School Card','求两个数的和','输入两个int型数','输出两个数的和','无提示',1000,134217728,'[4]',3,1492332092,1,1492332092,0,0,0,0,0,0,0,0,'normal'),
(435,'Lonelam’s Problem Set','求两个数的和','输入两个int型数','输出两个数的和','无提示',1000,134217728,'[5]',4,1492332092,1,1492332092,0,0,0,0,0,0,0,0,'normal'),
(436,'Number Theory Problem','求两个数的和','输入两个int型数','输出两个数的和','无提示',1000,134217728,'[6]',5,1492332092,1,1492332092,0,0,0,0,0,0,0,0,'normal'),
(437,'Oneday’s Codeforces','求两个数的和','输入两个int型数','输出两个数的和','无提示',1000,134217728,'[1,3]',1,1492332092,1,1492332092,0,0,0,0,0,0,0,0,'normal'),
(438,'QAQ','求两个数的和','输入两个int型数','输出两个数的和','无提示',1000,134217728,'[1,2,3]',2,1492332092,1,1492332092,0,0,0,0,0,0,0,0,'normal'),
(439,'Triangle War','求两个数的和','输入两个int型数','输出两个数的和','无提示',1000,134217728,'[1,2,7]',3,1492332092,1,1492332092,0,0,0,0,0,0,0,0,'normal'),
(440,'XOR Game','求两个数的和','输入两个int型数','输出两个数的和','无提示',1000,134217728,'[1,2,4]',4,1492332092,1,1492332092,0,0,0,0,0,0,0,0,'normal'),
(441,'WeChat Group','求两个数的和','输入两个int型数','输出两个数的和','无提示',1000,134217728,'[1,2,3,4,5]',5,1492332092,1,1492332092,0,0,0,0,0,0,0,0,'normal'),
(442,'Word Construction','求两个数的和','输入两个int型数','输出两个数的和','无提示',1000,134217728,'[1,7]',1,1492332092,1,1492332092,0,0,0,0,0,0,0,0,'normal'),
(443,'World Cup','求两个数的和','输入两个int型数','输出两个数的和','无提示',1000,134217728,'[1,2,3]',2,1492332092,1,1492332092,0,0,0,0,0,0,0,0,'normal'),
(444,'Wow! Such String!','求两个数的和','输入两个int型数','输出两个数的和','无提示',1000,134217728,'[1,6]',3,1492332092,1,1492332092,0,0,0,0,0,0,0,0,'normal'),
(445,'Yet Another Simple Problem','求两个数的和','输入两个int型数','输出两个数的和','无提示',1000,134217728,'[1,5]',4,1492332092,1,1492332092,0,0,0,0,0,0,0,0,'normal'),
(446,'OneDay的QWQ','求两个数的和','输入两个int型数','输出两个数的和','无提示',1000,134217728,'[1,4]',5,1492332092,1,1492332092,0,0,0,0,0,0,0,0,'normal'),
(447,'CSL的身高记录','求两个数的和','输入两个int型数','输出两个数的和','无提示',1000,134217728,'[2,4]',1,1492332092,1,1492332092,0,0,0,0,0,0,0,0,'normal'),
(448,'普通的数学我们普通地做','求两个数的和','输入两个int型数','输出两个数的和','无提示',1000,134217728,'[2,5]',2,1492332092,1,1492332092,0,0,0,0,0,0,0,0,'normal'),
(449,'不普通的数学我们不普通地做','求两个数的和','输入两个int型数','输出两个数的和','无提示',1000,134217728,'[2,6]',3,1492332092,1,1492332092,0,0,0,0,0,0,0,0,'normal'),
(450,'CSL的矩阵','求两个数的和','输入两个int型数','输出两个数的和','无提示',1000,134217728,'[3,4]',4,1492332092,1,1492332092,0,0,0,0,0,0,0,0,'normal'),
(451,'前k小数','求两个数的和','输入两个int型数','输出两个数的和','无提示',1000,134217728,'[4,5]',5,1492332092,1,1492332092,0,0,0,0,0,0,0,0,'normal'),
(452,'TSL数','求两个数的和','输入两个int型数','输出两个数的和','无提示',1000,134217728,'[1,2,3]',1,1492332092,1,1492332092,0,0,0,0,0,0,0,0,'normal'),
(453,'从来没见过这么裸的区间更新','求两个数的和','输入两个int型数','输出两个数的和','无提示',1000,134217728,'[1,2,3]',2,1492332092,1,1492332092,0,0,0,0,0,0,0,0,'normal'),
(454,'OneDay的短信','求两个数的和','输入两个int型数','输出两个数的和','无提示',1000,134217728,'[1,2,6]',3,1492332092,1,1492332092,0,0,0,0,0,0,0,0,'normal'),
(455,'CSL又分苹果啦','求两个数的和','输入两个int型数','输出两个数的和','无提示',1000,134217728,'[1]',4,1492332092,1,1492332092,0,0,0,0,0,0,0,0,'normal'),
(456,'一题防AK','求两个数的和','输入两个int型数','输出两个数的和','无提示',1000,134217728,'[5]',5,1492332092,1,1492332092,0,0,0,0,0,0,0,0,'normal'),
(457,'抽彩球','求两个数的和','输入两个int型数','输出两个数的和','无提示',1000,134217728,'[7]',1,1492332092,1,1492332092,0,0,0,0,0,0,0,0,'normal'),
(458,'阶乘幂','求两个数的和','输入两个int型数','输出两个数的和','无提示',1000,134217728,'[7]',2,1492332092,1,1492332092,0,0,0,0,0,0,0,0,'normal'),
(459,'统计难题','求两个数的和','输入两个int型数','输出两个数的和','无提示',1000,134217728,'[7]',3,1492332092,1,1492332092,0,0,0,0,0,0,0,0,'normal'),
(460,'生成树计数','求两个数的和','输入两个int型数','输出两个数的和','无提示',1000,134217728,'[7]',4,1492332092,1,1492332092,0,0,0,0,0,0,0,0,'normal'),
(461,'喵神的股票','求两个数的和','输入两个int型数','输出两个数的和','无提示',1000,134217728,'[7]',5,1492332092,1,1492332092,0,0,0,0,0,0,0,0,'normal'),
(462,'TSL序列','求两个数的和','输入两个int型数','输出两个数的和','无提示',1000,134217728,'[1,4]',1,1492332092,1,1492332092,0,0,0,0,0,0,0,0,'normal'),
(463,'OneDay的小球','求两个数的和','输入两个int型数','输出两个数的和','无提示',1000,134217728,'[1,5]',2,1492332092,1,1492332092,0,0,0,0,0,0,0,0,'normal'),
(464,'利普希茨序列','求两个数的和','输入两个int型数','输出两个数的和','无提示',1000,134217728,'[3,4]',3,1492332092,1,1492332092,0,0,0,0,0,0,0,0,'normal'),
(465,'Perfect Number','求两个数的和','输入两个int型数','输出两个数的和','无提示',1000,134217728,'[4,5]',4,1492332092,1,1492332092,0,0,0,0,0,0,0,0,'normal'),
(466,'A Prosperous Lot','求两个数的和','输入两个int型数','输出两个数的和','无提示',1000,134217728,'[6,7]',5,1492332092,1,1492332092,0,0,0,0,0,0,0,0,'normal'),
(467,'明7暗7加强版','求两个数的和','输入两个int型数','输出两个数的和','无提示',1000,134217728,'[1,5]',1,1492332092,1,1492332092,0,0,0,0,0,0,0,0,'normal'),
(468,'三体攻击','求两个数的和','输入两个int型数','输出两个数的和','无提示',1000,134217728,'[1,4]',2,1492332092,1,1492332092,0,0,0,0,0,0,0,0,'normal'),
(469,'小Y与二进制','求两个数的和','输入两个int型数','输出两个数的和','无提示',1000,134217728,'[2,5]',3,1492332092,1,1492332092,0,0,0,0,0,0,0,0,'normal'),
(470,'小Y与长方形','求两个数的和','输入两个int型数','输出两个数的和','无提示',1000,134217728,'[4,5]',4,1492332092,1,1492332092,0,0,0,0,0,0,0,0,'normal'),
(471,'序列变换','求两个数的和','输入两个int型数','输出两个数的和','无提示',1000,134217728,'[3,5]',5,1492332092,1,1492332092,0,0,0,0,0,0,0,0,'normal'),
(472,'数字游戏','求两个数的和','输入两个int型数','输出两个数的和','无提示',1000,134217728,'[2,6]',1,1492332092,1,1492332092,0,0,0,0,0,0,0,0,'normal'),
(473,'小Y吃苹果','求两个数的和','输入两个int型数','输出两个数的和','无提示',1000,134217728,'[3,7]',2,1492332092,1,1492332092,0,0,0,0,0,0,0,0,'normal'),
(474,'1 + 2 = 3?','求两个数的和','输入两个int型数','输出两个数的和','无提示',1000,134217728,'[2,5]',3,1492332092,1,1492332092,0,0,0,0,0,0,0,0,'normal'),
(475,'小Y做比赛','求两个数的和','输入两个int型数','输出两个数的和','无提示',1000,134217728,'[3,4]',4,1492332092,1,1492332092,0,0,0,0,0,0,0,0,'normal'),
(476,'小Y与多米诺骨牌','求两个数的和','输入两个int型数','输出两个数的和','无提示',1000,134217728,'[3,5]',5,1492332092,1,1492332092,0,0,0,0,0,0,0,0,'normal'),
(477,'二数','求两个数的和','输入两个int型数','输出两个数的和','无提示',1000,134217728,'[2]',1,1492332092,1,1492332092,0,0,0,0,0,0,0,0,'normal'),
(478,'小Y写文章','求两个数的和','输入两个int型数','输出两个数的和','无提示',1000,134217728,'[1,2]',3,1492332092,1,1492332092,0,0,0,0,0,0,0,0,'normal'),
(479,'树上最大值','求两个数的和','输入两个int型数','输出两个数的和','无提示',1000,134217728,'[2,4]',4,1492332092,1,1492332092,0,0,0,0,0,0,0,0,'normal'),
(480,'K 序列','求两个数的和','输入两个int型数','输出两个数的和','无提示',1000,134217728,'[1]',5,1492332092,1,1492332092,0,0,0,0,0,0,0,0,'normal'),
(481,'无聊的数学题','求两个数的和','输入两个int型数','输出两个数的和','无提示',1000,134217728,'[1]',1,1492332092,1,1492332092,0,0,0,0,0,0,0,0,'normal'),
(482,'简单的暴力题','求两个数的和','输入两个int型数','输出两个数的和','无提示',1000,134217728,'[2]',2,1492332092,1,1492332092,0,0,0,0,0,0,0,0,'normal'),
(483,'方格填色','求两个数的和','输入两个int型数','输出两个数的和','无提示',1000,134217728,'[2]',3,1492332092,1,1492332092,0,0,0,0,0,0,0,0,'normal'),
(484,'CSL的可并堆','求两个数的和','输入两个int型数','输出两个数的和','无提示',1000,134217728,'[3]',4,1492332092,1,1492332092,0,0,0,0,0,0,0,0,'normal'),
(485,'合并序列','求两个数的和','输入两个int型数','输出两个数的和','无提示',1000,134217728,'[1,2,3]',5,1492332092,1,1492332092,0,0,0,0,0,0,0,0,'normal'),
(486,'OneDay的矩形','求两个数的和','输入两个int型数','输出两个数的和','无提示',1000,134217728,'[1,2,4]',1,1492332092,1,1492332092,0,0,0,0,0,0,0,0,'normal'),
(487,'CSL的密码','求两个数的和','输入两个int型数','输出两个数的和','无提示',1000,134217728,'[1,2,4]',3,1492332092,1,1492332092,0,0,0,0,0,0,0,0,'normal'),
(488,'CSL的密码2','求两个数的和','输入两个int型数','输出两个数的和','无提示',1000,134217728,'[1,2,5]',2,1492332092,1,1492332092,0,0,0,0,0,0,0,0,'normal'),
(489,'随机数种子','求两个数的和','输入两个int型数','输出两个数的和','无提示',1000,134217728,'[1,2,6]',4,1492332092,1,1492332092,0,0,0,0,0,0,0,0,'normal'),
(490,'翻转子串','求两个数的和','输入两个int型数','输出两个数的和','无提示',1000,134217728,'[1,2,6]',5,1492332092,1,1492332092,0,0,0,0,0,0,0,0,'normal'),
(491,'OneDay的游戏','求两个数的和','输入两个int型数','输出两个数的和','无提示',1000,134217728,'[1,2,6]',1,1492332092,1,1492332092,0,0,0,0,0,0,0,0,'normal'),
(492,'伦神爱散步','求两个数的和','输入两个int型数','输出两个数的和','无提示',1000,134217728,'[1,2,7]',1,1492332092,1,1492332092,0,0,0,0,0,0,0,0,'normal'),
(493,'树上最大值','求两个数的和','输入两个int型数','输出两个数的和','无提示',1000,134217728,'[1,2,7]',3,1492332092,1,1492332092,0,0,0,0,0,0,0,0,'normal'),
(494,'Intense Heat','求两个数的和','输入两个int型数','输出两个数的和','无提示',1000,134217728,'[1,2,7]',2,1492332092,1,1492332092,0,0,0,0,0,0,0,0,'normal'),
(495,'Arithmetic Sequence','求两个数的和','输入两个int型数','输出两个数的和','无提示',1000,134217728,'[1,2,7]',4,1492332092,1,1492332092,0,0,0,0,0,0,0,0,'normal'),
(496,'Brilliant Color','求两个数的和','输入两个int型数','输出两个数的和','无提示',1000,134217728,'[1,2,4]',5,1492332092,1,1492332092,0,0,0,0,0,0,0,0,'normal'),
(497,'Can’t See the Blackboard','求两个数的和','输入两个int型数','输出两个数的和','无提示',1000,134217728,'[1,2,4]',1,1492332092,1,1492332092,0,0,0,0,0,0,0,0,'normal'),
(498,'Digit Mod Numbers','求两个数的和','输入两个int型数','输出两个数的和','无提示',1000,134217728,'[2,5]',2,1492332092,1,1492332092,0,0,0,0,0,0,0,0,'normal'),
(499,'Go Upstairs','求两个数的和','输入两个int型数','输出两个数的和','无提示',1000,134217728,'[2,4]',3,1492332092,1,1492332092,0,0,0,0,0,0,0,0,'normal'),
(500,'Merge Coin','求两个数的和','输入两个int型数','输出两个数的和','无提示',1000,134217728,'[7]',4,1492332092,1,1492332092,0,0,0,0,0,0,0,0,'normal'),
(501,'无聊的数学题','求两个数的和','输入两个int型数','输出两个数的和','无提示',1000,134217728,'[1]',1,1492332092,1,1555946407,0,0,0,0,0,0,0,0,'normal'),
(502,'简单的暴力题','求两个数的和','输入两个int型数','输出两个数的和','无提示',1000,134217728,'[2]',2,1492332092,1,1555946407,0,0,0,0,0,0,0,0,'normal'),
(503,'方格填色','求两个数的和','输入两个int型数','输出两个数的和','无提示',1000,134217728,'[2]',3,1492332092,1,1555946407,0,0,0,0,0,0,0,0,'normal'),
(504,'CSL的可并堆','求两个数的和','输入两个int型数','输出两个数的和','无提示',1000,134217728,'[3]',4,1492332092,1,1555946407,0,0,0,0,0,0,0,0,'normal'),
(505,'合并序列','求两个数的和','输入两个int型数','输出两个数的和','无提示',1000,134217728,'[8]',1,1492332092,1,1555946407,0,0,0,0,0,0,0,0,'normal'),
(506,'OneDay的矩形','求两个数的和','输入两个int型数','输出两个数的和','无提示',1000,134217728,'[8]',1,1492332092,1,1555946407,0,0,0,0,0,0,0,0,'normal'),
(507,'CSL的密码','求两个数的和','输入两个int型数','输出两个数的和','无提示',1000,134217728,'[8]',1,1492332092,1,1555946407,0,0,0,0,0,0,0,0,'normal'),
(508,'CSL的密码2','求两个数的和','输入两个int型数','输出两个数的和','无提示',1000,134217728,'[8]',1,1492332092,1,1555946407,0,0,0,0,0,0,0,0,'normal'),
(509,'随机数种子','求两个数的和','输入两个int型数','输出两个数的和','无提示',1000,134217728,'[8]',1,1492332092,1,1555946407,0,0,0,0,0,0,0,0,'normal'),
(510,'翻转子串','求两个数的和','输入两个int型数','输出两个数的和','无提示',1000,134217728,'[8]',1,1492332092,1,1555946407,0,0,0,0,0,0,0,0,'normal'),
(511,'OneDay的游戏','求两个数的和','输入两个int型数','输出两个数的和','无提示',1000,134217728,'[8]',1,1492332092,1,1492332092,0,0,0,0,0,0,0,0,'normal'),
(512,'伦神爱散步','求两个数的和','输入两个int型数','输出两个数的和','无提示',1000,134217728,'[8]',1,1492332092,1,1492332092,0,0,0,0,0,0,0,0,'normal'),
(513,'树上最大值','求两个数的和','输入两个int型数','输出两个数的和','无提示',1000,134217728,'[8]',1,1492332092,1,1492332092,0,0,0,0,0,0,0,0,'normal'),
(514,'Intense Heat','求两个数的和','输入两个int型数','输出两个数的和','无提示',1000,134217728,'[8]',1,1492332092,1,1492332092,0,0,0,0,0,0,0,0,'normal'),
(515,'Arithmetic Sequence','求两个数的和','输入两个int型数','输出两个数的和','无提示',1000,134217728,'[8]',1,1492332092,1,1492332092,0,0,0,0,0,0,0,0,'normal'),
(516,'Brilliant Color','求两个数的和','输入两个int型数','输出两个数的和','无提示',1000,134217728,'[8]',1,1492332092,1,1492332092,0,0,0,0,0,0,0,0,'normal'),
(517,'Can’t See the Blackboard','求两个数的和','输入两个int型数','输出两个数的和','无提示',1000,134217728,'[8]',1,1492332092,1,1492332092,0,0,0,0,0,0,0,0,'normal'),
(518,'Digit Mod Numbers','求两个数的和','输入两个int型数','输出两个数的和','无提示',1000,134217728,'[8]',1,1492332092,1,1492332092,0,0,0,0,0,0,0,0,'normal'),
(519,'Go Upstairs','求两个数的和','输入两个int型数','输出两个数的和','无提示',1000,134217728,'[8]',1,1492332092,1,1492332092,0,0,0,0,0,0,0,0,'normal'),
(520,'Merge Coin','求两个数的和','输入两个int型数','输出两个数的和','无提示',1000,134217728,'[8]',1,1492332092,1,1492332092,0,0,0,0,0,0,0,0,'normal');
/*!40000 ALTER TABLE `problem` ENABLE KEYS */;
UNLOCK TABLES;

--
-- Table structure for table `role`
--

DROP TABLE IF EXISTS `role`;
/*!40101 SET @saved_cs_client     = @@character_set_client */;
 SET character_set_client = utf8mb4 ;
CREATE TABLE `role` (
  `id` int(11) NOT NULL AUTO_INCREMENT,
  `detail` varchar(100) NOT NULL,
  PRIMARY KEY (`id`)
) ENGINE=InnoDB AUTO_INCREMENT=4 DEFAULT CHARSET=utf8mb4 COLLATE=utf8mb4_0900_ai_ci;
/*!40101 SET character_set_client = @saved_cs_client */;

--
-- Dumping data for table `role`
--

LOCK TABLES `role` WRITE;
/*!40000 ALTER TABLE `role` DISABLE KEYS */;
INSERT INTO `role` VALUES (1,'学生'),(2,'老师'),(3,'管理员');
/*!40000 ALTER TABLE `role` ENABLE KEYS */;
UNLOCK TABLES;

--
-- Table structure for table `tag`
--

DROP TABLE IF EXISTS `tag`;
/*!40101 SET @saved_cs_client     = @@character_set_client */;
 SET character_set_client = utf8mb4 ;
CREATE TABLE `tag` (
  `id` int(11) NOT NULL AUTO_INCREMENT,
  `detail` varchar(100) NOT NULL,
  PRIMARY KEY (`id`)
) ENGINE=InnoDB AUTO_INCREMENT=11 DEFAULT CHARSET=utf8mb4 COLLATE=utf8mb4_0900_ai_ci;
/*!40101 SET character_set_client = @saved_cs_client */;

--
-- Dumping data for table `tag`
--

LOCK TABLES `tag` WRITE;
/*!40000 ALTER TABLE `tag` DISABLE KEYS */;
INSERT INTO `tag` VALUES (1,'tag0'),(2,'tag1'),(3,'tag2'),(4,'tag3'),(5,'tag4'),(6,'tag5'),(7,'tag6'),(8,'tag7'),(9,'tag8'),(10,'tag9');
/*!40000 ALTER TABLE `tag` ENABLE KEYS */;
UNLOCK TABLES;

--
-- Table structure for table `test_data`
--

DROP TABLE IF EXISTS `test_data`;
/*!40101 SET @saved_cs_client     = @@character_set_client */;
 SET character_set_client = utf8mb4 ;
CREATE TABLE `test_data` (
  `problem_id` bigint(64) NOT NULL,
  `index` bigint(64) NOT NULL,
  `in` text,
  `out` text,
  PRIMARY KEY (`index`,`problem_id`),
  KEY `problem_id` (`problem_id`),
  CONSTRAINT `test_data_ibfk_1` FOREIGN KEY (`problem_id`) REFERENCES `problem` (`id`)
) ENGINE=InnoDB DEFAULT CHARSET=utf8mb4 COLLATE=utf8mb4_0900_ai_ci;
/*!40101 SET character_set_client = @saved_cs_client */;

--
-- Dumping data for table `test_data`
--

LOCK TABLES `test_data` WRITE;
/*!40000 ALTER TABLE `test_data` DISABLE KEYS */;
INSERT INTO `test_data` VALUES (1,1,'in 1','out 1'),(2,1,'in 1','out 1'),(3,1,'in 1','out 1'),(4,1,'in 1','out 1'),(5,1,'in 1','out 1'),(6,1,'in 1','out 1'),(7,1,'in 1','out 1'),(8,1,'in 1','out 1'),(9,1,'in 1','out 1'),(10,1,'in 1','out 1'),(1,2,'in 2','out 2'),(2,2,'in 2','out 2'),(3,2,'in 2','out 2'),(4,2,'in 2','out 2'),(5,2,'in 2','out 2'),(6,2,'in 2','out 2'),(7,2,'in 2','out 2'),(8,2,'in 2','out 2'),(9,2,'in 2','out 2'),(10,2,'in 2','out 2');
/*!40000 ALTER TABLE `test_data` ENABLE KEYS */;
UNLOCK TABLES;

--
-- Table structure for table `user`
--

DROP TABLE IF EXISTS `user`;
/*!40101 SET @saved_cs_client     = @@character_set_client */;
 SET character_set_client = utf8mb4 ;
CREATE TABLE `user` (
  `id` bigint(64) NOT NULL AUTO_INCREMENT,
  `account` varchar(50) NOT NULL,
  `password` varchar(100) NOT NULL,
  `role` int(11) NOT NULL,
  `name` varchar(50) NOT NULL,
  `sex` tinyint(1) NOT NULL DEFAULT '0',
  `phone` varchar(20) DEFAULT NULL,
  `email` varchar(50) DEFAULT NULL,
  `school` varchar(50) DEFAULT NULL,
  `create` bigint(64) NOT NULL,
  `last_login` bigint(64) NOT NULL,
  PRIMARY KEY (`id`),
  UNIQUE KEY `account` (`account`),
  KEY `role` (`role`),
  CONSTRAINT `user_ibfk_1` FOREIGN KEY (`role`) REFERENCES `role` (`id`)
) ENGINE=InnoDB AUTO_INCREMENT=12 DEFAULT CHARSET=utf8mb4 COLLATE=utf8mb4_0900_ai_ci;
/*!40101 SET character_set_client = @saved_cs_client */;

--
-- Dumping data for table `user`
--

LOCK TABLES `user` WRITE;
/*!40000 ALTER TABLE `user` DISABLE KEYS */;
INSERT INTO `user` VALUES (1,'tom0','a0cdca52112c51a89c328ac7ac51af64',3,'tom0',1,'tom0','tom0','tom0',1555404092,1555404092),(2,'tom1','5a041fd60714e48104e86ef43250c2a3',1,'tom1',1,'tom1','tom1','tom1',1555404092,1555404092),(3,'tom2','28d3047f0ed0c91841069c34863bdfab',2,'tom2',0,'tom2','tom2','tom2',1555404092,1555404092),(4,'tom3','8acc18b1b85fef612a8ce6ed7369a5bb',3,'tom3',1,'tom3','tom3','tom3',1555404092,1555404092),(5,'tom4','125eed4f307bbdee2378cf2d5e6c5edd',3,'tom4',1,'tom4','tom4','tom4',1555404092,1555404092),(6,'tom5','4bb1073250c20742f156db5d7a3b1ac3',1,'tom5',0,'tom5','tom5','tom5',1555404092,1555404092),(7,'tom6','8296f1180854286ce14c19c56ab076b9',2,'tom6',0,'tom6','tom6','tom6',1555404092,1555404092),(8,'tom7','8f9be3a0410c8d8e6a98061d3c5a2c51',1,'tom7',0,'tom7','tom7','tom7',1555404092,1555404092),(9,'tom8','3e954ed96119dcbdc6d869ffe674820b',1,'tom8',0,'tom8','tom8','tom8',1555404092,1555404092),(10,'tom9','8e26ad372c98acdde6e76ae5889e41b2',2,'tom9',1,'tom9','tom9','tom9',1555404092,1555404092),(11,'1','c4ca4238a0b923820dcc509a6f75849b',2,'lyx',0,'111','xxx@xxx','shu',1555404092,1555404092);
/*!40000 ALTER TABLE `user` ENABLE KEYS */;
UNLOCK TABLES;

--
-- Table structure for table `user_class`
--

DROP TABLE IF EXISTS `user_class`;
/*!40101 SET @saved_cs_client     = @@character_set_client */;
 SET character_set_client = utf8mb4 ;
CREATE TABLE `user_class` (
  `user_id` bigint(64) NOT NULL,
  `class_id` bigint(64) NOT NULL,
  `is_checked` tinyint(1) NOT NULL DEFAULT '0',
  `is_administrator` tinyint(1) NOT NULL DEFAULT '0',
  PRIMARY KEY (`user_id`,`class_id`),
  KEY `class_id` (`class_id`),
  CONSTRAINT `user_class_ibfk_1` FOREIGN KEY (`user_id`) REFERENCES `user` (`id`),
  CONSTRAINT `user_class_ibfk_2` FOREIGN KEY (`class_id`) REFERENCES `class` (`id`)
) ENGINE=InnoDB DEFAULT CHARSET=utf8mb4 COLLATE=utf8mb4_0900_ai_ci;
/*!40101 SET character_set_client = @saved_cs_client */;

--
-- Dumping data for table `user_class`
--

LOCK TABLES `user_class` WRITE;
/*!40000 ALTER TABLE `user_class` DISABLE KEYS */;
INSERT INTO `user_class` VALUES (1,1,1,0),(1,2,1,0),(1,3,1,0),(1,4,1,0),(1,5,1,0),(1,6,1,0),(1,7,1,0),(1,8,1,0),(1,9,1,0),(1,10,1,0),(2,1,1,0),(2,2,1,0),(2,3,1,0),(2,4,1,0),(2,5,1,0),(2,6,1,0),(2,7,1,0),(2,8,1,0),(2,9,1,0),(2,10,1,0),(3,1,1,0),(3,2,1,0),(3,3,1,0),(3,4,1,0),(3,5,1,0),(3,6,1,0),(3,7,1,0),(3,8,1,0),(3,9,1,0),(3,10,1,0),(4,1,1,0),(4,2,1,0),(4,3,1,0),(4,4,1,0),(4,5,1,0),(4,6,1,0),(4,7,1,0),(4,8,1,0),(4,9,1,0),(4,10,1,0),(5,1,1,0),(5,2,1,0),(5,3,1,0),(5,4,1,0),(5,5,1,0),(5,6,1,0),(5,7,1,0),(5,8,1,0),(5,9,1,0),(5,10,1,0),(6,1,1,0),(6,2,1,0),(6,3,1,0),(6,4,1,0),(6,5,1,0),(6,6,1,0),(6,7,1,0),(6,8,1,0),(6,9,1,0),(6,10,1,0),(7,1,1,0),(7,2,1,0),(7,3,1,0),(7,4,1,0),(7,5,1,0),(7,6,1,0),(7,7,1,0),(7,8,1,0),(7,9,1,0),(7,10,1,0),(8,1,1,0),(8,2,1,0),(8,3,1,0),(8,4,1,0),(8,5,1,0),(8,6,1,0),(8,7,1,0),(8,8,1,0),(8,9,1,0),(8,10,1,0);
/*!40000 ALTER TABLE `user_class` ENABLE KEYS */;
UNLOCK TABLES;

--
-- Table structure for table `user_match`
--

DROP TABLE IF EXISTS `user_match`;
/*!40101 SET @saved_cs_client     = @@character_set_client */;
 SET character_set_client = utf8mb4 ;
CREATE TABLE `user_match` (
  `user_id` bigint(64) NOT NULL,
  `match_id` bigint(64) NOT NULL,
  `result` tinyint(4) NOT NULL,
  `rank` smallint(4) NOT NULL,
  PRIMARY KEY (`user_id`,`match_id`),
  KEY `match_id` (`match_id`),
  CONSTRAINT `user_match_ibfk_1` FOREIGN KEY (`user_id`) REFERENCES `user` (`id`),
  CONSTRAINT `user_match_ibfk_2` FOREIGN KEY (`match_id`) REFERENCES `match` (`id`)
) ENGINE=InnoDB DEFAULT CHARSET=utf8mb4 COLLATE=utf8mb4_0900_ai_ci;
/*!40101 SET character_set_client = @saved_cs_client */;

--
-- Dumping data for table `user_match`
--

LOCK TABLES `user_match` WRITE;
/*!40000 ALTER TABLE `user_match` DISABLE KEYS */;
/*!40000 ALTER TABLE `user_match` ENABLE KEYS */;
UNLOCK TABLES;

--
-- Table structure for table `user_problem`
--

DROP TABLE IF EXISTS `user_problem`;
/*!40101 SET @saved_cs_client     = @@character_set_client */;
 SET character_set_client = utf8mb4 ;
CREATE TABLE `user_problem` (
  `id` bigint(64) NOT NULL AUTO_INCREMENT,
  `user_id` bigint(64) NOT NULL,
  `problem_id` bigint(64) NOT NULL,
  `submit_time` int(64) NOT NULL,
  `isPass` tinyint(1) NOT NULL,
  `running_language` int(11) NOT NULL,
  `running_time` int(64) DEFAULT NULL,
  `running_mem` int(64) DEFAULT NULL,
  `code` text NOT NULL,
  PRIMARY KEY (`id`),
  KEY `user_id` (`user_id`),
  KEY `problem_id` (`problem_id`),
  KEY `running_language` (`running_language`),
  CONSTRAINT `user_problem_ibfk_1` FOREIGN KEY (`user_id`) REFERENCES `user` (`id`),
  CONSTRAINT `user_problem_ibfk_2` FOREIGN KEY (`problem_id`) REFERENCES `problem` (`id`),
  CONSTRAINT `user_problem_ibfk_3` FOREIGN KEY (`running_language`) REFERENCES `language` (`id`)
) ENGINE=InnoDB AUTO_INCREMENT=301 DEFAULT CHARSET=utf8mb4 COLLATE=utf8mb4_0900_ai_ci;
/*!40101 SET character_set_client = @saved_cs_client */;

--
-- Dumping data for table `user_problem`
--

LOCK TABLES `user_problem` WRITE;
/*!40000 ALTER TABLE `user_problem` DISABLE KEYS */;
INSERT INTO `user_problem` VALUES (1,4,4,1555404093,1,2,1,10,'木有代码哦'),(2,6,6,1555404093,0,2,1,10,'木有代码哦'),(3,7,7,1555404093,1,1,1,10,'木有代码哦'),(4,3,3,1555404093,1,3,1,10,'木有代码哦'),(5,7,7,1555404093,0,4,1,10,'木有代码哦'),(6,2,2,1555404093,1,1,1,10,'木有代码哦'),(7,6,6,1555404093,1,1,1,10,'木有代码哦'),(8,8,8,1555404093,1,4,1,10,'木有代码哦'),(9,6,6,1555404093,0,4,1,10,'木有代码哦'),(10,1,1,1555404093,0,2,1,10,'木有代码哦'),(11,9,9,1555404093,1,2,1,10,'木有代码哦'),(12,8,8,1555404093,1,1,1,10,'木有代码哦'),(13,5,5,1555404093,0,4,1,10,'木有代码哦'),(14,6,6,1555404093,0,1,1,10,'木有代码哦'),(15,4,4,1555404093,0,2,1,10,'木有代码哦'),(16,4,4,1555404093,0,4,1,10,'木有代码哦'),(17,10,10,1555404093,0,1,1,10,'木有代码哦'),(18,8,8,1555404093,1,1,1,10,'木有代码哦'),(19,8,8,1555404093,1,2,1,10,'木有代码哦'),(20,9,9,1555404093,0,3,1,10,'木有代码哦'),(21,10,10,1555404093,0,2,1,10,'木有代码哦'),(22,5,5,1555404093,1,1,1,10,'木有代码哦'),(23,2,2,1555404093,0,3,1,10,'木有代码哦'),(24,9,9,1555404093,1,4,1,10,'木有代码哦'),(25,10,10,1555404093,1,2,1,10,'木有代码哦'),(26,3,3,1555404093,0,2,1,10,'木有代码哦'),(27,7,7,1555404093,0,4,1,10,'木有代码哦'),(28,3,3,1555404093,0,4,1,10,'木有代码哦'),(29,4,4,1555404093,0,1,1,10,'木有代码哦'),(30,3,3,1555404093,1,1,1,10,'木有代码哦'),(31,7,7,1555404093,1,3,1,10,'木有代码哦'),(32,6,6,1555404093,1,4,1,10,'木有代码哦'),(33,7,7,1555404093,1,2,1,10,'木有代码哦'),(34,6,6,1555404093,0,2,1,10,'木有代码哦'),(35,2,2,1555404093,1,2,1,10,'木有代码哦'),(36,4,4,1555404093,1,3,1,10,'木有代码哦'),(37,6,6,1555404093,1,4,1,10,'木有代码哦'),(38,5,5,1555404093,1,1,1,10,'木有代码哦'),(39,6,6,1555404093,1,3,1,10,'木有代码哦'),(40,5,5,1555404093,0,2,1,10,'木有代码哦'),(41,7,7,1555404093,0,1,1,10,'木有代码哦'),(42,3,3,1555404093,1,2,1,10,'木有代码哦'),(43,9,9,1555404093,1,2,1,10,'木有代码哦'),(44,10,10,1555404093,0,3,1,10,'木有代码哦'),(45,9,9,1555404093,0,2,1,10,'木有代码哦'),(46,6,6,1555404093,1,3,1,10,'木有代码哦'),(47,1,1,1555404093,0,4,1,10,'木有代码哦'),(48,8,8,1555404093,1,1,1,10,'木有代码哦'),(49,10,10,1555404093,1,1,1,10,'木有代码哦'),(50,3,3,1555404093,0,4,1,10,'木有代码哦'),(51,5,5,1555404093,1,2,1,10,'木有代码哦'),(52,9,9,1555404093,1,1,1,10,'木有代码哦'),(53,1,1,1555404093,0,2,1,10,'木有代码哦'),(54,4,4,1555404093,0,4,1,10,'木有代码哦'),(55,7,7,1555404093,1,4,1,10,'木有代码哦'),(56,6,6,1555404093,0,2,1,10,'木有代码哦'),(57,4,4,1555404093,0,2,1,10,'木有代码哦'),(58,8,8,1555404093,0,2,1,10,'木有代码哦'),(59,9,9,1555404093,1,2,1,10,'木有代码哦'),(60,3,3,1555404093,0,2,1,10,'木有代码哦'),(61,4,4,1555404093,1,2,1,10,'木有代码哦'),(62,4,4,1555404093,0,3,1,10,'木有代码哦'),(63,3,3,1555404093,1,4,1,10,'木有代码哦'),(64,6,6,1555404093,0,3,1,10,'木有代码哦'),(65,1,1,1555404093,0,4,1,10,'木有代码哦'),(66,5,5,1555404093,1,4,1,10,'木有代码哦'),(67,9,9,1555404093,1,4,1,10,'木有代码哦'),(68,5,5,1555404093,0,3,1,10,'木有代码哦'),(69,3,3,1555404093,1,1,1,10,'木有代码哦'),(70,2,2,1555404093,1,1,1,10,'木有代码哦'),(71,3,3,1555404093,0,2,1,10,'木有代码哦'),(72,6,6,1555404093,1,2,1,10,'木有代码哦'),(73,4,4,1555404093,1,1,1,10,'木有代码哦'),(74,4,4,1555404093,1,2,1,10,'木有代码哦'),(75,6,6,1555404093,1,1,1,10,'木有代码哦'),(76,1,1,1555404093,0,2,1,10,'木有代码哦'),(77,7,7,1555404093,1,3,1,10,'木有代码哦'),(78,3,3,1555404093,0,4,1,10,'木有代码哦'),(79,9,9,1555404093,0,4,1,10,'木有代码哦'),(80,10,10,1555404093,0,3,1,10,'木有代码哦'),(81,8,8,1555404093,0,4,1,10,'木有代码哦'),(82,5,5,1555404093,0,4,1,10,'木有代码哦'),(83,6,6,1555404093,1,1,1,10,'木有代码哦'),(84,6,6,1555404093,0,2,1,10,'木有代码哦'),(85,9,9,1555404093,1,1,1,10,'木有代码哦'),(86,3,3,1555404093,1,1,1,10,'木有代码哦'),(87,7,7,1555404093,1,4,1,10,'木有代码哦'),(88,3,3,1555404093,0,3,1,10,'木有代码哦'),(89,10,10,1555404093,1,3,1,10,'木有代码哦'),(90,3,3,1555404093,0,2,1,10,'木有代码哦'),(91,3,3,1555404093,0,2,1,10,'木有代码哦'),(92,7,7,1555404093,1,2,1,10,'木有代码哦'),(93,2,2,1555404093,1,3,1,10,'木有代码哦'),(94,10,10,1555404093,1,4,1,10,'木有代码哦'),(95,9,9,1555404093,1,3,1,10,'木有代码哦'),(96,3,3,1555404093,0,4,1,10,'木有代码哦'),(97,2,2,1555404093,0,3,1,10,'木有代码哦'),(98,8,8,1555404093,0,4,1,10,'木有代码哦'),(99,2,2,1555404093,1,3,1,10,'木有代码哦'),(100,5,5,1555404093,0,2,1,10,'木有代码哦'),(101,10,10,1555404093,0,3,1,10,'木有代码哦'),(102,10,10,1555404093,1,3,1,10,'木有代码哦'),(103,4,4,1555404093,1,4,1,10,'木有代码哦'),(104,10,10,1555404093,1,3,1,10,'木有代码哦'),(105,3,3,1555404093,0,4,1,10,'木有代码哦'),(106,5,5,1555404093,1,4,1,10,'木有代码哦'),(107,10,10,1555404093,0,1,1,10,'木有代码哦'),(108,4,4,1555404093,0,3,1,10,'木有代码哦'),(109,4,4,1555404093,0,4,1,10,'木有代码哦'),(110,5,5,1555404093,1,4,1,10,'木有代码哦'),(111,10,10,1555404093,1,1,1,10,'木有代码哦'),(112,8,8,1555404093,0,2,1,10,'木有代码哦'),(113,5,5,1555404093,0,2,1,10,'木有代码哦'),(114,4,4,1555404093,1,3,1,10,'木有代码哦'),(115,6,6,1555404093,1,4,1,10,'木有代码哦'),(116,4,4,1555404093,0,4,1,10,'木有代码哦'),(117,6,6,1555404093,0,1,1,10,'木有代码哦'),(118,5,5,1555404093,1,1,1,10,'木有代码哦'),(119,10,10,1555404093,0,4,1,10,'木有代码哦'),(120,4,4,1555404093,0,3,1,10,'木有代码哦'),(121,6,6,1555404093,1,1,1,10,'木有代码哦'),(122,2,2,1555404093,1,1,1,10,'木有代码哦'),(123,2,2,1555404093,1,1,1,10,'木有代码哦'),(124,2,2,1555404093,1,1,1,10,'木有代码哦'),(125,2,2,1555404093,1,3,1,10,'木有代码哦'),(126,8,8,1555404093,0,2,1,10,'木有代码哦'),(127,4,4,1555404093,0,1,1,10,'木有代码哦'),(128,2,2,1555404093,0,3,1,10,'木有代码哦'),(129,1,1,1555404093,1,4,1,10,'木有代码哦'),(130,9,9,1555404093,0,2,1,10,'木有代码哦'),(131,9,9,1555404093,1,4,1,10,'木有代码哦'),(132,8,8,1555404093,0,4,1,10,'木有代码哦'),(133,9,9,1555404093,1,3,1,10,'木有代码哦'),(134,5,5,1555404093,1,4,1,10,'木有代码哦'),(135,7,7,1555404093,0,4,1,10,'木有代码哦'),(136,1,1,1555404093,1,1,1,10,'木有代码哦'),(137,6,6,1555404093,1,1,1,10,'木有代码哦'),(138,5,5,1555404093,0,4,1,10,'木有代码哦'),(139,2,2,1555404093,0,1,1,10,'木有代码哦'),(140,2,2,1555404093,0,1,1,10,'木有代码哦'),(141,1,1,1555404093,1,1,1,10,'木有代码哦'),(142,2,2,1555404093,1,1,1,10,'木有代码哦'),(143,8,8,1555404093,0,1,1,10,'木有代码哦'),(144,5,5,1555404093,1,2,1,10,'木有代码哦'),(145,1,1,1555404093,0,3,1,10,'木有代码哦'),(146,7,7,1555404093,0,2,1,10,'木有代码哦'),(147,4,4,1555404093,1,3,1,10,'木有代码哦'),(148,7,7,1555404093,0,2,1,10,'木有代码哦'),(149,8,8,1555404093,1,1,1,10,'木有代码哦'),(150,2,2,1555404093,1,3,1,10,'木有代码哦'),(151,1,1,1555404093,1,3,1,10,'木有代码哦'),(152,9,9,1555404093,0,2,1,10,'木有代码哦'),(153,5,5,1555404093,0,4,1,10,'木有代码哦'),(154,10,10,1555404093,1,1,1,10,'木有代码哦'),(155,5,5,1555404093,1,1,1,10,'木有代码哦'),(156,7,7,1555404093,0,1,1,10,'木有代码哦'),(157,5,5,1555404093,0,2,1,10,'木有代码哦'),(158,9,9,1555404093,0,4,1,10,'木有代码哦'),(159,9,9,1555404093,0,2,1,10,'木有代码哦'),(160,6,6,1555404093,1,3,1,10,'木有代码哦'),(161,2,2,1555404093,0,3,1,10,'木有代码哦'),(162,4,4,1555404093,1,3,1,10,'木有代码哦'),(163,5,5,1555404093,0,1,1,10,'木有代码哦'),(164,8,8,1555404093,1,1,1,10,'木有代码哦'),(165,4,4,1555404093,1,1,1,10,'木有代码哦'),(166,7,7,1555404093,0,2,1,10,'木有代码哦'),(167,7,7,1555404093,0,4,1,10,'木有代码哦'),(168,3,3,1555404093,1,1,1,10,'木有代码哦'),(169,5,5,1555404093,0,2,1,10,'木有代码哦'),(170,7,7,1555404093,0,1,1,10,'木有代码哦'),(171,3,3,1555404093,0,3,1,10,'木有代码哦'),(172,5,5,1555404093,1,4,1,10,'木有代码哦'),(173,8,8,1555404093,0,4,1,10,'木有代码哦'),(174,4,4,1555404093,1,3,1,10,'木有代码哦'),(175,3,3,1555404093,0,2,1,10,'木有代码哦'),(176,8,8,1555404093,0,1,1,10,'木有代码哦'),(177,5,5,1555404093,0,2,1,10,'木有代码哦'),(178,1,1,1555404093,0,2,1,10,'木有代码哦'),(179,1,1,1555404093,0,1,1,10,'木有代码哦'),(180,5,5,1555404093,0,2,1,10,'木有代码哦'),(181,2,2,1555404093,0,2,1,10,'木有代码哦'),(182,5,5,1555404093,1,4,1,10,'木有代码哦'),(183,8,8,1555404093,0,1,1,10,'木有代码哦'),(184,5,5,1555404093,0,3,1,10,'木有代码哦'),(185,4,4,1555404093,0,1,1,10,'木有代码哦'),(186,5,5,1555404093,0,2,1,10,'木有代码哦'),(187,10,10,1555404093,1,3,1,10,'木有代码哦'),(188,3,3,1555404093,1,4,1,10,'木有代码哦'),(189,5,5,1555404093,1,4,1,10,'木有代码哦'),(190,8,8,1555404093,1,1,1,10,'木有代码哦'),(191,3,3,1555404093,0,1,1,10,'木有代码哦'),(192,6,6,1555404093,1,1,1,10,'木有代码哦'),(193,5,5,1555404093,1,2,1,10,'木有代码哦'),(194,10,10,1555404093,0,4,1,10,'木有代码哦'),(195,9,9,1555404093,1,2,1,10,'木有代码哦'),(196,2,2,1555404093,1,3,1,10,'木有代码哦'),(197,9,9,1555404093,0,3,1,10,'木有代码哦'),(198,2,2,1555404093,1,4,1,10,'木有代码哦'),(199,9,9,1555404093,0,2,1,10,'木有代码哦'),(200,2,2,1555404093,0,3,1,10,'木有代码哦'),(201,6,6,1555404093,1,3,1,10,'木有代码哦'),(202,9,9,1555404093,0,4,1,10,'木有代码哦'),(203,2,2,1555404093,1,4,1,10,'木有代码哦'),(204,5,5,1555404093,1,4,1,10,'木有代码哦'),(205,6,6,1555404093,1,1,1,10,'木有代码哦'),(206,6,6,1555404093,1,1,1,10,'木有代码哦'),(207,10,10,1555404093,1,1,1,10,'木有代码哦'),(208,9,9,1555404093,1,2,1,10,'木有代码哦'),(209,5,5,1555404093,1,1,1,10,'木有代码哦'),(210,2,2,1555404093,0,1,1,10,'木有代码哦'),(211,6,6,1555404093,1,3,1,10,'木有代码哦'),(212,10,10,1555404093,0,3,1,10,'木有代码哦'),(213,5,5,1555404093,1,3,1,10,'木有代码哦'),(214,8,8,1555404093,1,1,1,10,'木有代码哦'),(215,7,7,1555404093,1,4,1,10,'木有代码哦'),(216,8,8,1555404093,1,1,1,10,'木有代码哦'),(217,2,2,1555404093,1,1,1,10,'木有代码哦'),(218,7,7,1555404093,0,4,1,10,'木有代码哦'),(219,5,5,1555404093,1,1,1,10,'木有代码哦'),(220,6,6,1555404093,1,2,1,10,'木有代码哦'),(221,3,3,1555404093,1,1,1,10,'木有代码哦'),(222,3,3,1555404093,0,2,1,10,'木有代码哦'),(223,1,1,1555404093,0,3,1,10,'木有代码哦'),(224,1,1,1555404093,1,2,1,10,'木有代码哦'),(225,5,5,1555404093,1,2,1,10,'木有代码哦'),(226,4,4,1555404093,1,2,1,10,'木有代码哦'),(227,10,10,1555404093,1,1,1,10,'木有代码哦'),(228,4,4,1555404093,1,4,1,10,'木有代码哦'),(229,5,5,1555404093,0,3,1,10,'木有代码哦'),(230,6,6,1555404093,0,3,1,10,'木有代码哦'),(231,5,5,1555404093,0,2,1,10,'木有代码哦'),(232,5,5,1555404093,1,3,1,10,'木有代码哦'),(233,5,5,1555404093,0,1,1,10,'木有代码哦'),(234,10,10,1555404093,1,3,1,10,'木有代码哦'),(235,9,9,1555404093,1,4,1,10,'木有代码哦'),(236,9,9,1555404093,0,4,1,10,'木有代码哦'),(237,10,10,1555404093,0,1,1,10,'木有代码哦'),(238,9,9,1555404093,1,4,1,10,'木有代码哦'),(239,3,3,1555404093,0,2,1,10,'木有代码哦'),(240,10,10,1555404093,1,4,1,10,'木有代码哦'),(241,5,5,1555404093,0,3,1,10,'木有代码哦'),(242,1,1,1555404093,0,4,1,10,'木有代码哦'),(243,9,9,1555404093,0,4,1,10,'木有代码哦'),(244,4,4,1555404093,1,4,1,10,'木有代码哦'),(245,5,5,1555404093,1,2,1,10,'木有代码哦'),(246,8,8,1555404093,1,3,1,10,'木有代码哦'),(247,3,3,1555404093,1,2,1,10,'木有代码哦'),(248,4,4,1555404093,0,2,1,10,'木有代码哦'),(249,9,9,1555404093,1,3,1,10,'木有代码哦'),(250,6,6,1555404093,0,4,1,10,'木有代码哦'),(251,4,4,1555404093,1,2,1,10,'木有代码哦'),(252,2,2,1555404093,0,1,1,10,'木有代码哦'),(253,4,4,1555404093,0,4,1,10,'木有代码哦'),(254,5,5,1555404093,1,4,1,10,'木有代码哦'),(255,9,9,1555404093,1,4,1,10,'木有代码哦'),(256,4,4,1555404093,0,2,1,10,'木有代码哦'),(257,9,9,1555404093,0,1,1,10,'木有代码哦'),(258,10,10,1555404093,0,3,1,10,'木有代码哦'),(259,6,6,1555404093,1,1,1,10,'木有代码哦'),(260,6,6,1555404093,1,2,1,10,'木有代码哦'),(261,1,1,1555404093,1,1,1,10,'木有代码哦'),(262,9,9,1555404093,0,2,1,10,'木有代码哦'),(263,1,1,1555404093,1,2,1,10,'木有代码哦'),(264,6,6,1555404093,1,3,1,10,'木有代码哦'),(265,7,7,1555404093,0,2,1,10,'木有代码哦'),(266,6,6,1555404093,0,3,1,10,'木有代码哦'),(267,5,5,1555404093,0,4,1,10,'木有代码哦'),(268,3,3,1555404093,0,1,1,10,'木有代码哦'),(269,2,2,1555404093,1,3,1,10,'木有代码哦'),(270,9,9,1555404093,0,4,1,10,'木有代码哦'),(271,2,2,1555404093,0,3,1,10,'木有代码哦'),(272,7,7,1555404093,0,2,1,10,'木有代码哦'),(273,6,6,1555404093,1,1,1,10,'木有代码哦'),(274,9,9,1555404093,0,4,1,10,'木有代码哦'),(275,5,5,1555404093,0,3,1,10,'木有代码哦'),(276,10,10,1555404093,1,1,1,10,'木有代码哦'),(277,2,2,1555404093,0,1,1,10,'木有代码哦'),(278,8,8,1555404093,0,2,1,10,'木有代码哦'),(279,9,9,1555404093,1,2,1,10,'木有代码哦'),(280,3,3,1555404093,0,2,1,10,'木有代码哦'),(281,6,6,1555404093,0,1,1,10,'木有代码哦'),(282,9,9,1555404093,1,2,1,10,'木有代码哦'),(283,5,5,1555404093,0,3,1,10,'木有代码哦'),(284,4,4,1555404093,1,1,1,10,'木有代码哦'),(285,3,3,1555404093,0,2,1,10,'木有代码哦'),(286,9,9,1555404093,1,2,1,10,'木有代码哦'),(287,4,4,1555404093,1,3,1,10,'木有代码哦'),(288,9,9,1555404093,1,3,1,10,'木有代码哦'),(289,7,7,1555404093,1,4,1,10,'木有代码哦'),(290,6,6,1555404093,1,4,1,10,'木有代码哦'),(291,7,7,1555404093,0,4,1,10,'木有代码哦'),(292,1,1,1555404093,0,1,1,10,'木有代码哦'),(293,7,7,1555404093,0,4,1,10,'木有代码哦'),(294,7,7,1555404093,1,2,1,10,'木有代码哦'),(295,2,2,1555404093,0,2,1,10,'木有代码哦'),(296,9,9,1555404093,0,2,1,10,'木有代码哦'),(297,7,7,1555404093,1,4,1,10,'木有代码哦'),(298,10,10,1555404093,0,3,1,10,'木有代码哦'),(299,1,1,1555404093,0,3,1,10,'木有代码哦'),(300,9,9,1555404093,1,1,1,10,'木有代码哦');
/*!40000 ALTER TABLE `user_problem` ENABLE KEYS */;
UNLOCK TABLES;
/*!40103 SET TIME_ZONE=@OLD_TIME_ZONE */;

/*!40101 SET SQL_MODE=@OLD_SQL_MODE */;
/*!40014 SET FOREIGN_KEY_CHECKS=@OLD_FOREIGN_KEY_CHECKS */;
/*!40014 SET UNIQUE_CHECKS=@OLD_UNIQUE_CHECKS */;
/*!40101 SET CHARACTER_SET_CLIENT=@OLD_CHARACTER_SET_CLIENT */;
/*!40101 SET CHARACTER_SET_RESULTS=@OLD_CHARACTER_SET_RESULTS */;
/*!40101 SET COLLATION_CONNECTION=@OLD_COLLATION_CONNECTION */;
/*!40111 SET SQL_NOTES=@OLD_SQL_NOTES */;

-- Dump completed on 2019-04-20 12:37:29


